"","category","gene"
"shared.nog.si1","shared.nog.si","ABCA4"
"shared.nog.si2","shared.nog.si","ABCC2"
"shared.nog.si3","shared.nog.si","ABCC6"
"shared.nog.si4","shared.nog.si","ABCD1"
"shared.nog.si5","shared.nog.si","ABCG8"
"shared.nog.si6","shared.nog.si","ABHD14A,ABHD14A-ACY1,ACY1"
"shared.nog.si7","shared.nog.si","ABHD6"
"shared.nog.si8","shared.nog.si","ACBD4"
"shared.nog.si9","shared.nog.si","ACO2"
"shared.nog.si10","shared.nog.si","ACOT11"
"shared.nog.si11","shared.nog.si","ACP2"
"shared.nog.si12","shared.nog.si","ACSL5"
"shared.nog.si13","shared.nog.si","ACY3"
"shared.nog.si14","shared.nog.si","ADAMTSL5"
"shared.nog.si15","shared.nog.si","AGPAT3"
"shared.nog.si16","shared.nog.si","AKR1B10"
"shared.nog.si17","shared.nog.si","AKR1C1"
"shared.nog.si18","shared.nog.si","AKR1C3"
"shared.nog.si19","shared.nog.si","ALDOB"
"shared.nog.si20","shared.nog.si","ALPI"
"shared.nog.si21","shared.nog.si","ANGPTL4"
"shared.nog.si22","shared.nog.si","ANXA13"
"shared.nog.si23","shared.nog.si","APOA1"
"shared.nog.si24","shared.nog.si","APOA1-AS"
"shared.nog.si25","shared.nog.si","APOA4"
"shared.nog.si26","shared.nog.si","APOBEC1"
"shared.nog.si27","shared.nog.si","APOBEC2"
"shared.nog.si28","shared.nog.si","APOC2,APOC4,APOC4-APOC2"
"shared.nog.si29","shared.nog.si","APOC3"
"shared.nog.si30","shared.nog.si","APOL2"
"shared.nog.si31","shared.nog.si","AQP3"
"shared.nog.si32","shared.nog.si","AQP7"
"shared.nog.si33","shared.nog.si","AQP7P1"
"shared.nog.si34","shared.nog.si","ATG4D"
"shared.nog.si35","shared.nog.si","AVIL"
"shared.nog.si36","shared.nog.si","BAK1"
"shared.nog.si37","shared.nog.si","BCRP3"
"shared.nog.si38","shared.nog.si","BRE-AS1,RBKS"
"shared.nog.si39","shared.nog.si","BTD"
"shared.nog.si40","shared.nog.si","BTNL3"
"shared.nog.si41","shared.nog.si","BTNL8"
"shared.nog.si42","shared.nog.si","C10orf25"
"shared.nog.si43","shared.nog.si","C10orf67"
"shared.nog.si44","shared.nog.si","C11orf24"
"shared.nog.si45","shared.nog.si","C11orf86"
"shared.nog.si46","shared.nog.si","C19orf66"
"shared.nog.si47","shared.nog.si","C1orf115"
"shared.nog.si48","shared.nog.si","C1orf116"
"shared.nog.si49","shared.nog.si","C5orf56"
"shared.nog.si50","shared.nog.si","C6orf132"
"shared.nog.si51","shared.nog.si","C6orf136"
"shared.nog.si52","shared.nog.si","C8G"
"shared.nog.si53","shared.nog.si","C9orf173"
"shared.nog.si54","shared.nog.si","CA13"
"shared.nog.si55","shared.nog.si","CALM3"
"shared.nog.si56","shared.nog.si","CAMKK2"
"shared.nog.si57","shared.nog.si","CAPN10-AS1"
"shared.nog.si58","shared.nog.si","CAPN3"
"shared.nog.si59","shared.nog.si","CASP1"
"shared.nog.si60","shared.nog.si","CATSPER2"
"shared.nog.si61","shared.nog.si","CBR1"
"shared.nog.si62","shared.nog.si","CCL11"
"shared.nog.si63","shared.nog.si","CCL25"
"shared.nog.si64","shared.nog.si","CD82"
"shared.nog.si65","shared.nog.si","CDCA3"
"shared.nog.si66","shared.nog.si","CDH4"
"shared.nog.si67","shared.nog.si","CDIP1"
"shared.nog.si68","shared.nog.si","CDR2L"
"shared.nog.si69","shared.nog.si","CERK"
"shared.nog.si70","shared.nog.si","CES2"
"shared.nog.si71","shared.nog.si","CGREF1"
"shared.nog.si72","shared.nog.si","CHRM4"
"shared.nog.si73","shared.nog.si","CIB2"
"shared.nog.si74","shared.nog.si","CIDEB"
"shared.nog.si75","shared.nog.si","CIDEC"
"shared.nog.si76","shared.nog.si","CLDN15"
"shared.nog.si77","shared.nog.si","CMTR1"
"shared.nog.si78","shared.nog.si","CNNM3"
"shared.nog.si79","shared.nog.si","CPS1"
"shared.nog.si80","shared.nog.si","CRAT"
"shared.nog.si81","shared.nog.si","CREB3L3"
"shared.nog.si82","shared.nog.si","CRIP3"
"shared.nog.si83","shared.nog.si","CTD-3080P12.3"
"shared.nog.si84","shared.nog.si","CYP27A1"
"shared.nog.si85","shared.nog.si","CYP2B7P"
"shared.nog.si86","shared.nog.si","CYP2C9"
"shared.nog.si87","shared.nog.si","CYP2S1"
"shared.nog.si88","shared.nog.si","CYP3A5"
"shared.nog.si89","shared.nog.si","CYTH2"
"shared.nog.si90","shared.nog.si","DBP"
"shared.nog.si91","shared.nog.si","DCAF11"
"shared.nog.si92","shared.nog.si","DECR1"
"shared.nog.si93","shared.nog.si","DGAT1,MIR6848"
"shared.nog.si94","shared.nog.si","DGAT2"
"shared.nog.si95","shared.nog.si","DGKA"
"shared.nog.si96","shared.nog.si","DHDH"
"shared.nog.si97","shared.nog.si","DHRS1"
"shared.nog.si98","shared.nog.si","DHRS11"
"shared.nog.si99","shared.nog.si","DHX16"
"shared.nog.si100","shared.nog.si","DMBT1"
"shared.nog.si101","shared.nog.si","DNAJC22"
"shared.nog.si102","shared.nog.si","DNASE1"
"shared.nog.si103","shared.nog.si","DNPEP"
"shared.nog.si104","shared.nog.si","DOLPP1"
"shared.nog.si105","shared.nog.si","DOT1L"
"shared.nog.si106","shared.nog.si","DTX1"
"shared.nog.si107","shared.nog.si","ELMOD3"
"shared.nog.si108","shared.nog.si","EMB"
"shared.nog.si109","shared.nog.si","ENKUR"
"shared.nog.si110","shared.nog.si","EPHX2"
"shared.nog.si111","shared.nog.si","ERICH4"
"shared.nog.si112","shared.nog.si","ESPN"
"shared.nog.si113","shared.nog.si","ETV7"
"shared.nog.si114","shared.nog.si","EXOC3L4"
"shared.nog.si115","shared.nog.si","F10"
"shared.nog.si116","shared.nog.si","FAM102A"
"shared.nog.si117","shared.nog.si","FAM109A"
"shared.nog.si118","shared.nog.si","FBP1"
"shared.nog.si119","shared.nog.si","FBXO7"
"shared.nog.si120","shared.nog.si","FCHSD1"
"shared.nog.si121","shared.nog.si","FLJ12825"
"shared.nog.si122","shared.nog.si","FLJ22763"
"shared.nog.si123","shared.nog.si","FUOM"
"shared.nog.si124","shared.nog.si","FXR2"
"shared.nog.si125","shared.nog.si","GABRE"
"shared.nog.si126","shared.nog.si","GALK1"
"shared.nog.si127","shared.nog.si","GALT"
"shared.nog.si128","shared.nog.si","GATA4"
"shared.nog.si129","shared.nog.si","GATA5"
"shared.nog.si130","shared.nog.si","GATS"
"shared.nog.si131","shared.nog.si","GCHFR"
"shared.nog.si132","shared.nog.si","GIGYF1"
"shared.nog.si133","shared.nog.si","GNA11"
"shared.nog.si134","shared.nog.si","GOLT1A"
"shared.nog.si135","shared.nog.si","GOSR2"
"shared.nog.si136","shared.nog.si","GPD1"
"shared.nog.si137","shared.nog.si","GPRIN1"
"shared.nog.si138","shared.nog.si","GRAMD1B"
"shared.nog.si139","shared.nog.si","GRIA1"
"shared.nog.si140","shared.nog.si","GSDMB"
"shared.nog.si141","shared.nog.si","GSK3A"
"shared.nog.si142","shared.nog.si","GSTK1"
"shared.nog.si143","shared.nog.si","HADHA"
"shared.nog.si144","shared.nog.si","HAGH"
"shared.nog.si145","shared.nog.si","HAPLN4"
"shared.nog.si146","shared.nog.si","HEBP1"
"shared.nog.si147","shared.nog.si","HOPX"
"shared.nog.si148","shared.nog.si","HOXA4"
"shared.nog.si149","shared.nog.si","HPS1"
"shared.nog.si150","shared.nog.si","IDH3A"
"shared.nog.si151","shared.nog.si","IFIT3"
"shared.nog.si152","shared.nog.si","IGSF23"
"shared.nog.si153","shared.nog.si","IL2RB"
"shared.nog.si154","shared.nog.si","INTS12"
"shared.nog.si155","shared.nog.si","IRF1"
"shared.nog.si156","shared.nog.si","IRF8"
"shared.nog.si157","shared.nog.si","ISG20"
"shared.nog.si158","shared.nog.si","ITPK1"
"shared.nog.si159","shared.nog.si","KDM2A"
"shared.nog.si160","shared.nog.si","KDM6B"
"shared.nog.si161","shared.nog.si","KDM8"
"shared.nog.si162","shared.nog.si","KHK"
"shared.nog.si163","shared.nog.si","KIAA2013"
"shared.nog.si164","shared.nog.si","KIFC3"
"shared.nog.si165","shared.nog.si","KLC4"
"shared.nog.si166","shared.nog.si","LBX2-AS1"
"shared.nog.si167","shared.nog.si","LINC00574"
"shared.nog.si168","shared.nog.si","LINC01268"
"shared.nog.si169","shared.nog.si","LOC100240735"
"shared.nog.si170","shared.nog.si","LOC284825"
"shared.nog.si171","shared.nog.si","LOC646471"
"shared.nog.si172","shared.nog.si","LOC728989"
"shared.nog.si173","shared.nog.si","LPCAT3"
"shared.nog.si174","shared.nog.si","LPIN3"
"shared.nog.si175","shared.nog.si","LRRC75A"
"shared.nog.si176","shared.nog.si","LRRC75B"
"shared.nog.si177","shared.nog.si","MALL"
"shared.nog.si178","shared.nog.si","MAPKBP1"
"shared.nog.si179","shared.nog.si","METTL7B"
"shared.nog.si180","shared.nog.si","MFSD2A"
"shared.nog.si181","shared.nog.si","MGAM"
"shared.nog.si182","shared.nog.si","MICALL2"
"shared.nog.si183","shared.nog.si","MICU1"
"shared.nog.si184","shared.nog.si","MIR1268A,SLC27A4"
"shared.nog.si185","shared.nog.si","MIR22,MIR22HG"
"shared.nog.si186","shared.nog.si","MIR31HG"
"shared.nog.si187","shared.nog.si","MIR3615,SLC9A3R1"
"shared.nog.si188","shared.nog.si","MIR5187,TOMM40L"
"shared.nog.si189","shared.nog.si","MIR5193,UBA7"
"shared.nog.si190","shared.nog.si","MIR6073,SOX6"
"shared.nog.si191","shared.nog.si","MIR621,SLC25A15"
"shared.nog.si192","shared.nog.si","MIR7703,PSME2"
"shared.nog.si193","shared.nog.si","MISP"
"shared.nog.si194","shared.nog.si","MME"
"shared.nog.si195","shared.nog.si","MMEL1"
"shared.nog.si196","shared.nog.si","MOCS1"
"shared.nog.si197","shared.nog.si","MOGAT3"
"shared.nog.si198","shared.nog.si","MON1A"
"shared.nog.si199","shared.nog.si","MS4A8"
"shared.nog.si200","shared.nog.si","MSRA"
"shared.nog.si201","shared.nog.si","MST1"
"shared.nog.si202","shared.nog.si","MTTP"
"shared.nog.si203","shared.nog.si","MUS81"
"shared.nog.si204","shared.nog.si","MYO15B"
"shared.nog.si205","shared.nog.si","MYO1A"
"shared.nog.si206","shared.nog.si","NAGS"
"shared.nog.si207","shared.nog.si","NELL2"
"shared.nog.si208","shared.nog.si","NGEF"
"shared.nog.si209","shared.nog.si","NOP9"
"shared.nog.si210","shared.nog.si","NPC1L1"
"shared.nog.si211","shared.nog.si","NR0B2"
"shared.nog.si212","shared.nog.si","NR1I3"
"shared.nog.si213","shared.nog.si","NSUN6"
"shared.nog.si214","shared.nog.si","NUB1"
"shared.nog.si215","shared.nog.si","OGDH"
"shared.nog.si216","shared.nog.si","OTC"
"shared.nog.si217","shared.nog.si","P4HB"
"shared.nog.si218","shared.nog.si","PARP12"
"shared.nog.si219","shared.nog.si","PARP3"
"shared.nog.si220","shared.nog.si","PATL2"
"shared.nog.si221","shared.nog.si","PCK2"
"shared.nog.si222","shared.nog.si","PCSK5"
"shared.nog.si223","shared.nog.si","PDLIM2"
"shared.nog.si224","shared.nog.si","PDZD7"
"shared.nog.si225","shared.nog.si","PDZK1"
"shared.nog.si226","shared.nog.si","PEBP1"
"shared.nog.si227","shared.nog.si","PEPD"
"shared.nog.si228","shared.nog.si","PEX14"
"shared.nog.si229","shared.nog.si","PGRMC2"
"shared.nog.si230","shared.nog.si","PHEX"
"shared.nog.si231","shared.nog.si","PKLR"
"shared.nog.si232","shared.nog.si","PLA2G6"
"shared.nog.si233","shared.nog.si","PLCB3"
"shared.nog.si234","shared.nog.si","PLEKHS1"
"shared.nog.si235","shared.nog.si","PLIN2"
"shared.nog.si236","shared.nog.si","PLIN3"
"shared.nog.si237","shared.nog.si","PLLP"
"shared.nog.si238","shared.nog.si","PNP"
"shared.nog.si239","shared.nog.si","PP7080"
"shared.nog.si240","shared.nog.si","PQLC2"
"shared.nog.si241","shared.nog.si","PRAP1"
"shared.nog.si242","shared.nog.si","PRDM7"
"shared.nog.si243","shared.nog.si","PRODH"
"shared.nog.si244","shared.nog.si","PSMB9"
"shared.nog.si245","shared.nog.si","PSMD9"
"shared.nog.si246","shared.nog.si","PSME1"
"shared.nog.si247","shared.nog.si","PTPRH"
"shared.nog.si248","shared.nog.si","PXDC1"
"shared.nog.si249","shared.nog.si","RAB11FIP3"
"shared.nog.si250","shared.nog.si","RAB17"
"shared.nog.si251","shared.nog.si","RAB5C"
"shared.nog.si252","shared.nog.si","RAB8A"
"shared.nog.si253","shared.nog.si","RARRES3"
"shared.nog.si254","shared.nog.si","RBP2"
"shared.nog.si255","shared.nog.si","REEP6"
"shared.nog.si256","shared.nog.si","REG1A"
"shared.nog.si257","shared.nog.si","RPS6KA1"
"shared.nog.si258","shared.nog.si","RTKN"
"shared.nog.si259","shared.nog.si","RTP4"
"shared.nog.si260","shared.nog.si","SAT1"
"shared.nog.si261","shared.nog.si","SAT2"
"shared.nog.si262","shared.nog.si","SCAMP5"
"shared.nog.si263","shared.nog.si","SCNN1D"
"shared.nog.si264","shared.nog.si","SCRN2"
"shared.nog.si265","shared.nog.si","SDHA"
"shared.nog.si266","shared.nog.si","SEC14L2"
"shared.nog.si267","shared.nog.si","SERP2"
"shared.nog.si268","shared.nog.si","SFRP5"
"shared.nog.si269","shared.nog.si","SFXN3"
"shared.nog.si270","shared.nog.si","SH3BP1"
"shared.nog.si271","shared.nog.si","SH3GL1"
"shared.nog.si272","shared.nog.si","SHBG"
"shared.nog.si273","shared.nog.si","SIDT2"
"shared.nog.si274","shared.nog.si","SLC12A7"
"shared.nog.si275","shared.nog.si","SLC15A1"
"shared.nog.si276","shared.nog.si","SLC1A7"
"shared.nog.si277","shared.nog.si","SLC22A4"
"shared.nog.si278","shared.nog.si","SLC23A1"
"shared.nog.si279","shared.nog.si","SLC25A20"
"shared.nog.si280","shared.nog.si","SLC25A34"
"shared.nog.si281","shared.nog.si","SLC25A44"
"shared.nog.si282","shared.nog.si","SLC25A45"
"shared.nog.si283","shared.nog.si","SLC26A11"
"shared.nog.si284","shared.nog.si","SLC2A2"
"shared.nog.si285","shared.nog.si","SLC35B1"
"shared.nog.si286","shared.nog.si","SLC37A4"
"shared.nog.si287","shared.nog.si","SLC39A5"
"shared.nog.si288","shared.nog.si","SLC3A2"
"shared.nog.si289","shared.nog.si","SLC52A1"
"shared.nog.si290","shared.nog.si","SLC5A1"
"shared.nog.si291","shared.nog.si","SLC5A9"
"shared.nog.si292","shared.nog.si","SLC6A19"
"shared.nog.si293","shared.nog.si","SLC6A20"
"shared.nog.si294","shared.nog.si","SLC7A7"
"shared.nog.si295","shared.nog.si","SMIM24"
"shared.nog.si296","shared.nog.si","SMIM5"
"shared.nog.si297","shared.nog.si","SMLR1"
"shared.nog.si298","shared.nog.si","SMPD3"
"shared.nog.si299","shared.nog.si","SOWAHA"
"shared.nog.si300","shared.nog.si","SPNS3"
"shared.nog.si301","shared.nog.si","ST7,ST7-OT3"
"shared.nog.si302","shared.nog.si","STRC"
"shared.nog.si303","shared.nog.si","SULT1A1"
"shared.nog.si304","shared.nog.si","SULT1A2"
"shared.nog.si305","shared.nog.si","SYK"
"shared.nog.si306","shared.nog.si","SYP"
"shared.nog.si307","shared.nog.si","TAP2"
"shared.nog.si308","shared.nog.si","TCF7"
"shared.nog.si309","shared.nog.si","TICAM1"
"shared.nog.si310","shared.nog.si","TKFC"
"shared.nog.si311","shared.nog.si","TM4SF20"
"shared.nog.si312","shared.nog.si","TM4SF4"
"shared.nog.si313","shared.nog.si","TM4SF5"
"shared.nog.si314","shared.nog.si","TM6SF2"
"shared.nog.si315","shared.nog.si","TMEM150B"
"shared.nog.si316","shared.nog.si","TMEM184A"
"shared.nog.si317","shared.nog.si","TMEM253"
"shared.nog.si318","shared.nog.si","TMEM37"
"shared.nog.si319","shared.nog.si","TMEM41A"
"shared.nog.si320","shared.nog.si","TMEM82"
"shared.nog.si321","shared.nog.si","TMEM86B"
"shared.nog.si322","shared.nog.si","TNFRSF14"
"shared.nog.si323","shared.nog.si","TNFRSF1A"
"shared.nog.si324","shared.nog.si","TNRC6C-AS1"
"shared.nog.si325","shared.nog.si","TOM1"
"shared.nog.si326","shared.nog.si","TREH"
"shared.nog.si327","shared.nog.si","TRIM15"
"shared.nog.si328","shared.nog.si","TRIM50"
"shared.nog.si329","shared.nog.si","TTC31"
"shared.nog.si330","shared.nog.si","TTC38"
"shared.nog.si331","shared.nog.si","UGT2B7"
"shared.nog.si332","shared.nog.si","UGT3A1"
"shared.nog.si333","shared.nog.si","USH1C"
"shared.nog.si334","shared.nog.si","WBP2"
"shared.nog.si335","shared.nog.si","WNT3"
"shared.nog.si336","shared.nog.si","XAF1"
"shared.nog.si337","shared.nog.si","XDH"
"shared.nog.si338","shared.nog.si","XPNPEP2"
"shared.nog.si339","shared.nog.si","ZMYND15"
"shared.nog.si340","shared.nog.si","ZNF300"
"shared.nog.si341","shared.nog.si","ZSWIM8"
"shared.egf.si1","shared.egf.si","AADAC"
"shared.egf.si2","shared.egf.si","ABCA4"
"shared.egf.si3","shared.egf.si","ABCB8"
"shared.egf.si4","shared.egf.si","ABCC10"
"shared.egf.si5","shared.egf.si","ABCC6"
"shared.egf.si6","shared.egf.si","ABCD1"
"shared.egf.si7","shared.egf.si","ABCG5"
"shared.egf.si8","shared.egf.si","ABCG8"
"shared.egf.si9","shared.egf.si","ABHD14A,ABHD14A-ACY1,ACY1"
"shared.egf.si10","shared.egf.si","ABHD16A"
"shared.egf.si11","shared.egf.si","ABHD4"
"shared.egf.si12","shared.egf.si","ABHD6"
"shared.egf.si13","shared.egf.si","ACACB"
"shared.egf.si14","shared.egf.si","ACADS"
"shared.egf.si15","shared.egf.si","ACADVL"
"shared.egf.si16","shared.egf.si","ACKR4"
"shared.egf.si17","shared.egf.si","ACO2"
"shared.egf.si18","shared.egf.si","ACOT11"
"shared.egf.si19","shared.egf.si","ACOT7"
"shared.egf.si20","shared.egf.si","ACOX2"
"shared.egf.si21","shared.egf.si","ACP2"
"shared.egf.si22","shared.egf.si","ACSL5"
"shared.egf.si23","shared.egf.si","ACTN4"
"shared.egf.si24","shared.egf.si","ACY3"
"shared.egf.si25","shared.egf.si","ADAMTSL5"
"shared.egf.si26","shared.egf.si","ADGRG4"
"shared.egf.si27","shared.egf.si","ADGRG5"
"shared.egf.si28","shared.egf.si","AGMO"
"shared.egf.si29","shared.egf.si","AGPAT1,MIR6721"
"shared.egf.si30","shared.egf.si","AGPAT2"
"shared.egf.si31","shared.egf.si","AGPAT3"
"shared.egf.si32","shared.egf.si","AK2"
"shared.egf.si33","shared.egf.si","AKR1A1"
"shared.egf.si34","shared.egf.si","AKR1B10"
"shared.egf.si35","shared.egf.si","AKR1C1"
"shared.egf.si36","shared.egf.si","AKR1C3"
"shared.egf.si37","shared.egf.si","AKR1C4"
"shared.egf.si38","shared.egf.si","AKR7A3"
"shared.egf.si39","shared.egf.si","ALDH1A3"
"shared.egf.si40","shared.egf.si","ALDH2"
"shared.egf.si41","shared.egf.si","ALDOB"
"shared.egf.si42","shared.egf.si","ALPI"
"shared.egf.si43","shared.egf.si","AMBRA1"
"shared.egf.si44","shared.egf.si","ANAPC2"
"shared.egf.si45","shared.egf.si","ANGPTL4"
"shared.egf.si46","shared.egf.si","ANPEP"
"shared.egf.si47","shared.egf.si","ANXA13"
"shared.egf.si48","shared.egf.si","ANXA4"
"shared.egf.si49","shared.egf.si","AP5B1"
"shared.egf.si50","shared.egf.si","APOA1"
"shared.egf.si51","shared.egf.si","APOA1-AS"
"shared.egf.si52","shared.egf.si","APOA4"
"shared.egf.si53","shared.egf.si","APOBEC1"
"shared.egf.si54","shared.egf.si","APOBEC2"
"shared.egf.si55","shared.egf.si","APOC2,APOC4,APOC4-APOC2"
"shared.egf.si56","shared.egf.si","APOC3"
"shared.egf.si57","shared.egf.si","APOL2"
"shared.egf.si58","shared.egf.si","APOM"
"shared.egf.si59","shared.egf.si","AQP3"
"shared.egf.si60","shared.egf.si","AQP7"
"shared.egf.si61","shared.egf.si","ARHGEF16"
"shared.egf.si62","shared.egf.si","ASAH2"
"shared.egf.si63","shared.egf.si","ASB13"
"shared.egf.si64","shared.egf.si","ASIC2"
"shared.egf.si65","shared.egf.si","ASPA"
"shared.egf.si66","shared.egf.si","ATG4D"
"shared.egf.si67","shared.egf.si","ATP11A"
"shared.egf.si68","shared.egf.si","ATP5SL"
"shared.egf.si69","shared.egf.si","ATXN2L"
"shared.egf.si70","shared.egf.si","AZGP1"
"shared.egf.si71","shared.egf.si","B3GNT8"
"shared.egf.si72","shared.egf.si","BAG6"
"shared.egf.si73","shared.egf.si","BAIAP2L2"
"shared.egf.si74","shared.egf.si","BAIAP3"
"shared.egf.si75","shared.egf.si","BAK1"
"shared.egf.si76","shared.egf.si","BET1L"
"shared.egf.si77","shared.egf.si","BLNK"
"shared.egf.si78","shared.egf.si","BRE-AS1,RBKS"
"shared.egf.si79","shared.egf.si","BTD"
"shared.egf.si80","shared.egf.si","BTNL3"
"shared.egf.si81","shared.egf.si","BTNL8"
"shared.egf.si82","shared.egf.si","BUD13"
"shared.egf.si83","shared.egf.si","C10orf54"
"shared.egf.si84","shared.egf.si","C11orf24"
"shared.egf.si85","shared.egf.si","C11orf86"
"shared.egf.si86","shared.egf.si","C15orf62"
"shared.egf.si87","shared.egf.si","C16orf58"
"shared.egf.si88","shared.egf.si","C17orf78"
"shared.egf.si89","shared.egf.si","C18orf8"
"shared.egf.si90","shared.egf.si","C19orf12"
"shared.egf.si91","shared.egf.si","C19orf54"
"shared.egf.si92","shared.egf.si","C1orf116"
"shared.egf.si93","shared.egf.si","C2CD2L"
"shared.egf.si94","shared.egf.si","C5orf56"
"shared.egf.si95","shared.egf.si","C6orf132"
"shared.egf.si96","shared.egf.si","C6orf136"
"shared.egf.si97","shared.egf.si","C8G"
"shared.egf.si98","shared.egf.si","CALCOCO1"
"shared.egf.si99","shared.egf.si","CALM3"
"shared.egf.si100","shared.egf.si","CAMK2G"
"shared.egf.si101","shared.egf.si","CAMTA2"
"shared.egf.si102","shared.egf.si","CAPN1"
"shared.egf.si103","shared.egf.si","CAPNS1"
"shared.egf.si104","shared.egf.si","CARD10"
"shared.egf.si105","shared.egf.si","CARD6"
"shared.egf.si106","shared.egf.si","CASP1"
"shared.egf.si107","shared.egf.si","CASP4"
"shared.egf.si108","shared.egf.si","CASP9"
"shared.egf.si109","shared.egf.si","CBLC"
"shared.egf.si110","shared.egf.si","CBR1"
"shared.egf.si111","shared.egf.si","CC2D1A"
"shared.egf.si112","shared.egf.si","CCL25"
"shared.egf.si113","shared.egf.si","CD302,LY75,LY75-CD302"
"shared.egf.si114","shared.egf.si","CD68"
"shared.egf.si115","shared.egf.si","CD74"
"shared.egf.si116","shared.egf.si","CD82"
"shared.egf.si117","shared.egf.si","CDC42BPB"
"shared.egf.si118","shared.egf.si","CDC42EP4"
"shared.egf.si119","shared.egf.si","CDCA3"
"shared.egf.si120","shared.egf.si","CDHR5"
"shared.egf.si121","shared.egf.si","CDIP1"
"shared.egf.si122","shared.egf.si","CDK18"
"shared.egf.si123","shared.egf.si","CDK2"
"shared.egf.si124","shared.egf.si","CDK20"
"shared.egf.si125","shared.egf.si","CDR2L"
"shared.egf.si126","shared.egf.si","CEACAM18"
"shared.egf.si127","shared.egf.si","CELA3A"
"shared.egf.si128","shared.egf.si","CENPV"
"shared.egf.si129","shared.egf.si","CERS2"
"shared.egf.si130","shared.egf.si","CES2"
"shared.egf.si131","shared.egf.si","CFI"
"shared.egf.si132","shared.egf.si","CFL1"
"shared.egf.si133","shared.egf.si","CGREF1"
"shared.egf.si134","shared.egf.si","CHP2"
"shared.egf.si135","shared.egf.si","CHRM4"
"shared.egf.si136","shared.egf.si","CIAO1"
"shared.egf.si137","shared.egf.si","CIB2"
"shared.egf.si138","shared.egf.si","CIDEB"
"shared.egf.si139","shared.egf.si","CIDEC"
"shared.egf.si140","shared.egf.si","CISD1"
"shared.egf.si141","shared.egf.si","CLDN15"
"shared.egf.si142","shared.egf.si","CLDN18"
"shared.egf.si143","shared.egf.si","CLPTM1"
"shared.egf.si144","shared.egf.si","CMBL"
"shared.egf.si145","shared.egf.si","CNNM3"
"shared.egf.si146","shared.egf.si","CNPY2,PAN2"
"shared.egf.si147","shared.egf.si","COASY"
"shared.egf.si148","shared.egf.si","COMMD9"
"shared.egf.si149","shared.egf.si","COMT,MIR4761"
"shared.egf.si150","shared.egf.si","CPA2"
"shared.egf.si151","shared.egf.si","CPPED1"
"shared.egf.si152","shared.egf.si","CRADD"
"shared.egf.si153","shared.egf.si","CRAT"
"shared.egf.si154","shared.egf.si","CREB3L3"
"shared.egf.si155","shared.egf.si","CRELD1"
"shared.egf.si156","shared.egf.si","CS"
"shared.egf.si157","shared.egf.si","CSK"
"shared.egf.si158","shared.egf.si","CTSO"
"shared.egf.si159","shared.egf.si","CXCR3"
"shared.egf.si160","shared.egf.si","CYB5A"
"shared.egf.si161","shared.egf.si","CYP27A1"
"shared.egf.si162","shared.egf.si","CYP2C19"
"shared.egf.si163","shared.egf.si","CYP2S1"
"shared.egf.si164","shared.egf.si","CYP3A4"
"shared.egf.si165","shared.egf.si","CYSLTR2"
"shared.egf.si166","shared.egf.si","DBP"
"shared.egf.si167","shared.egf.si","DCAF11"
"shared.egf.si168","shared.egf.si","DECR1"
"shared.egf.si169","shared.egf.si","DEDD"
"shared.egf.si170","shared.egf.si","DEGS2"
"shared.egf.si171","shared.egf.si","DERA"
"shared.egf.si172","shared.egf.si","DESI1"
"shared.egf.si173","shared.egf.si","DFNA5"
"shared.egf.si174","shared.egf.si","DGAT1,MIR6848"
"shared.egf.si175","shared.egf.si","DGAT2"
"shared.egf.si176","shared.egf.si","DGKA"
"shared.egf.si177","shared.egf.si","DGKG"
"shared.egf.si178","shared.egf.si","DGKQ"
"shared.egf.si179","shared.egf.si","DGKZ"
"shared.egf.si180","shared.egf.si","DHDH"
"shared.egf.si181","shared.egf.si","DHRS11"
"shared.egf.si182","shared.egf.si","DHRS7"
"shared.egf.si183","shared.egf.si","DHX16"
"shared.egf.si184","shared.egf.si","DMBT1"
"shared.egf.si185","shared.egf.si","DNAJC22"
"shared.egf.si186","shared.egf.si","DNASE1"
"shared.egf.si187","shared.egf.si","DNPEP"
"shared.egf.si188","shared.egf.si","DOLPP1"
"shared.egf.si189","shared.egf.si","DPP9"
"shared.egf.si190","shared.egf.si","DSCR3"
"shared.egf.si191","shared.egf.si","DTX1"
"shared.egf.si192","shared.egf.si","E2F4"
"shared.egf.si193","shared.egf.si","EGFR-AS1"
"shared.egf.si194","shared.egf.si","EIF6"
"shared.egf.si195","shared.egf.si","ENPP6"
"shared.egf.si196","shared.egf.si","EPB41L3"
"shared.egf.si197","shared.egf.si","EPHA1"
"shared.egf.si198","shared.egf.si","EPHB1"
"shared.egf.si199","shared.egf.si","EPHX2"
"shared.egf.si200","shared.egf.si","EPS8L2"
"shared.egf.si201","shared.egf.si","EPSTI1"
"shared.egf.si202","shared.egf.si","ERAL1"
"shared.egf.si203","shared.egf.si","ERF"
"shared.egf.si204","shared.egf.si","ESPN"
"shared.egf.si205","shared.egf.si","ESRRA"
"shared.egf.si206","shared.egf.si","ETV3"
"shared.egf.si207","shared.egf.si","ETV7"
"shared.egf.si208","shared.egf.si","EWSR1"
"shared.egf.si209","shared.egf.si","EXOC3L4"
"shared.egf.si210","shared.egf.si","F10"
"shared.egf.si211","shared.egf.si","FABP2"
"shared.egf.si212","shared.egf.si","FAH"
"shared.egf.si213","shared.egf.si","FAM101A,ZNF664,ZNF664-FAM101A"
"shared.egf.si214","shared.egf.si","FAM102A"
"shared.egf.si215","shared.egf.si","FAM109A"
"shared.egf.si216","shared.egf.si","FAM32A"
"shared.egf.si217","shared.egf.si","FAM83G"
"shared.egf.si218","shared.egf.si","FBLIM1"
"shared.egf.si219","shared.egf.si","FBP1"
"shared.egf.si220","shared.egf.si","FLJ22763"
"shared.egf.si221","shared.egf.si","FUOM"
"shared.egf.si222","shared.egf.si","FZR1"
"shared.egf.si223","shared.egf.si","GABRA4"
"shared.egf.si224","shared.egf.si","GAL3ST1"
"shared.egf.si225","shared.egf.si","GALK1"
"shared.egf.si226","shared.egf.si","GALNT6"
"shared.egf.si227","shared.egf.si","GALT"
"shared.egf.si228","shared.egf.si","GATA4"
"shared.egf.si229","shared.egf.si","GATA5"
"shared.egf.si230","shared.egf.si","GCNT4"
"shared.egf.si231","shared.egf.si","GFI1B"
"shared.egf.si232","shared.egf.si","GGT1"
"shared.egf.si233","shared.egf.si","GLOD5"
"shared.egf.si234","shared.egf.si","GLRX"
"shared.egf.si235","shared.egf.si","GLYCTK"
"shared.egf.si236","shared.egf.si","GNA11"
"shared.egf.si237","shared.egf.si","GNB1"
"shared.egf.si238","shared.egf.si","GOLT1A"
"shared.egf.si239","shared.egf.si","GOSR2"
"shared.egf.si240","shared.egf.si","GPD1"
"shared.egf.si241","shared.egf.si","GPR108"
"shared.egf.si242","shared.egf.si","GPR35"
"shared.egf.si243","shared.egf.si","GRAMD1B"
"shared.egf.si244","shared.egf.si","GRIA1"
"shared.egf.si245","shared.egf.si","GRK5"
"shared.egf.si246","shared.egf.si","GRTP1-AS1"
"shared.egf.si247","shared.egf.si","GSDMB"
"shared.egf.si248","shared.egf.si","GSK3A"
"shared.egf.si249","shared.egf.si","GSTA1"
"shared.egf.si250","shared.egf.si","GSTA2"
"shared.egf.si251","shared.egf.si","GSTK1"
"shared.egf.si252","shared.egf.si","GSTM4"
"shared.egf.si253","shared.egf.si","GTF2I"
"shared.egf.si254","shared.egf.si","GTPBP1"
"shared.egf.si255","shared.egf.si","GUCD1"
"shared.egf.si256","shared.egf.si","HADHB"
"shared.egf.si257","shared.egf.si","HAGH"
"shared.egf.si258","shared.egf.si","HAPLN4"
"shared.egf.si259","shared.egf.si","HDAC6"
"shared.egf.si260","shared.egf.si","HDGF"
"shared.egf.si261","shared.egf.si","HDHD3"
"shared.egf.si262","shared.egf.si","HEBP1"
"shared.egf.si263","shared.egf.si","HECTD3"
"shared.egf.si264","shared.egf.si","HIP1R"
"shared.egf.si265","shared.egf.si","HLA-F"
"shared.egf.si266","shared.egf.si","HMGA1"
"shared.egf.si267","shared.egf.si","HNF1A"
"shared.egf.si268","shared.egf.si","HNF4A-AS1"
"shared.egf.si269","shared.egf.si","HOPX"
"shared.egf.si270","shared.egf.si","HPS1"
"shared.egf.si271","shared.egf.si","HRASLS2"
"shared.egf.si272","shared.egf.si","HRH2"
"shared.egf.si273","shared.egf.si","HSD3B7"
"shared.egf.si274","shared.egf.si","HYKK"
"shared.egf.si275","shared.egf.si","IDNK"
"shared.egf.si276","shared.egf.si","IFIT3"
"shared.egf.si277","shared.egf.si","IFNLR1"
"shared.egf.si278","shared.egf.si","IGSF23"
"shared.egf.si279","shared.egf.si","IL22RA1"
"shared.egf.si280","shared.egf.si","IL2RB"
"shared.egf.si281","shared.egf.si","ILVBL"
"shared.egf.si282","shared.egf.si","IMMP2L"
"shared.egf.si283","shared.egf.si","INPP5J"
"shared.egf.si284","shared.egf.si","INTS12"
"shared.egf.si285","shared.egf.si","IQSEC2"
"shared.egf.si286","shared.egf.si","IRF1"
"shared.egf.si287","shared.egf.si","ISG20"
"shared.egf.si288","shared.egf.si","ITM2B"
"shared.egf.si289","shared.egf.si","ITPK1"
"shared.egf.si290","shared.egf.si","ITPKA"
"shared.egf.si291","shared.egf.si","KALRN"
"shared.egf.si292","shared.egf.si","KDF1"
"shared.egf.si293","shared.egf.si","KDM6B"
"shared.egf.si294","shared.egf.si","KDM8"
"shared.egf.si295","shared.egf.si","KHK"
"shared.egf.si296","shared.egf.si","KIAA0141"
"shared.egf.si297","shared.egf.si","KIAA1551"
"shared.egf.si298","shared.egf.si","KIAA2013"
"shared.egf.si299","shared.egf.si","KLC4"
"shared.egf.si300","shared.egf.si","KLHDC8B"
"shared.egf.si301","shared.egf.si","LASP1"
"shared.egf.si302","shared.egf.si","LBX2-AS1"
"shared.egf.si303","shared.egf.si","LEAP2"
"shared.egf.si304","shared.egf.si","LHPP"
"shared.egf.si305","shared.egf.si","LINC00319"
"shared.egf.si306","shared.egf.si","LINC00330"
"shared.egf.si307","shared.egf.si","LINC00483"
"shared.egf.si308","shared.egf.si","LINC00574"
"shared.egf.si309","shared.egf.si","LINC00667"
"shared.egf.si310","shared.egf.si","LINC01137"
"shared.egf.si311","shared.egf.si","LINC01347"
"shared.egf.si312","shared.egf.si","LIPE"
"shared.egf.si313","shared.egf.si","LIPT1"
"shared.egf.si314","shared.egf.si","LMBR1L"
"shared.egf.si315","shared.egf.si","LOC100093631"
"shared.egf.si316","shared.egf.si","LOC100506302"
"shared.egf.si317","shared.egf.si","LOC100507334"
"shared.egf.si318","shared.egf.si","LOC101927051"
"shared.egf.si319","shared.egf.si","LOC284825"
"shared.egf.si320","shared.egf.si","LOC90768"
"shared.egf.si321","shared.egf.si","LPCAT3"
"shared.egf.si322","shared.egf.si","LRP5"
"shared.egf.si323","shared.egf.si","LRRC28"
"shared.egf.si324","shared.egf.si","LRRC41"
"shared.egf.si325","shared.egf.si","LRRC66"
"shared.egf.si326","shared.egf.si","LRRC75A"
"shared.egf.si327","shared.egf.si","LSMEM2"
"shared.egf.si328","shared.egf.si","LYRM5"
"shared.egf.si329","shared.egf.si","LZTS3"
"shared.egf.si330","shared.egf.si","MALL"
"shared.egf.si331","shared.egf.si","MAP2K3"
"shared.egf.si332","shared.egf.si","MAP3K11"
"shared.egf.si333","shared.egf.si","MAPK3"
"shared.egf.si334","shared.egf.si","MAPKAPK2"
"shared.egf.si335","shared.egf.si","MAPKBP1"
"shared.egf.si336","shared.egf.si","MARC2"
"shared.egf.si337","shared.egf.si","MBD1"
"shared.egf.si338","shared.egf.si","MCRS1"
"shared.egf.si339","shared.egf.si","MCUR1"
"shared.egf.si340","shared.egf.si","MEP1A"
"shared.egf.si341","shared.egf.si","MEP1B"
"shared.egf.si342","shared.egf.si","METTL17"
"shared.egf.si343","shared.egf.si","METTL7B"
"shared.egf.si344","shared.egf.si","MFSD2A"
"shared.egf.si345","shared.egf.si","MGAM"
"shared.egf.si346","shared.egf.si","MGAM2"
"shared.egf.si347","shared.egf.si","MGAT3"
"shared.egf.si348","shared.egf.si","MGST3"
"shared.egf.si349","shared.egf.si","MICAL1,ZBTB24"
"shared.egf.si350","shared.egf.si","MICU1"
"shared.egf.si351","shared.egf.si","MIR1268A,SLC27A4"
"shared.egf.si352","shared.egf.si","MIR22,MIR22HG"
"shared.egf.si353","shared.egf.si","MIR3615,SLC9A3R1"
"shared.egf.si354","shared.egf.si","MIR5187,TOMM40L"
"shared.egf.si355","shared.egf.si","MIR5193,UBA7"
"shared.egf.si356","shared.egf.si","MIR639,TECR"
"shared.egf.si357","shared.egf.si","MIR7109,PISD"
"shared.egf.si358","shared.egf.si","MIR7703,PSME2"
"shared.egf.si359","shared.egf.si","MISP"
"shared.egf.si360","shared.egf.si","MLF2"
"shared.egf.si361","shared.egf.si","MLX"
"shared.egf.si362","shared.egf.si","MLXIPL"
"shared.egf.si363","shared.egf.si","MME"
"shared.egf.si364","shared.egf.si","MMEL1"
"shared.egf.si365","shared.egf.si","MMP24"
"shared.egf.si366","shared.egf.si","MOCOS"
"shared.egf.si367","shared.egf.si","MOCS1"
"shared.egf.si368","shared.egf.si","MOGAT2"
"shared.egf.si369","shared.egf.si","MOGAT3"
"shared.egf.si370","shared.egf.si","MOGS"
"shared.egf.si371","shared.egf.si","MON1A"
"shared.egf.si372","shared.egf.si","MOV10"
"shared.egf.si373","shared.egf.si","MPP1"
"shared.egf.si374","shared.egf.si","MS4A8"
"shared.egf.si375","shared.egf.si","MSRA"
"shared.egf.si376","shared.egf.si","MST1"
"shared.egf.si377","shared.egf.si","MST1R"
"shared.egf.si378","shared.egf.si","MTTP"
"shared.egf.si379","shared.egf.si","MUC17"
"shared.egf.si380","shared.egf.si","MYD88"
"shared.egf.si381","shared.egf.si","MYO15B"
"shared.egf.si382","shared.egf.si","MYO19"
"shared.egf.si383","shared.egf.si","MYRF"
"shared.egf.si384","shared.egf.si","NAALADL1"
"shared.egf.si385","shared.egf.si","NAGS"
"shared.egf.si386","shared.egf.si","NAPRT"
"shared.egf.si387","shared.egf.si","NCK2"
"shared.egf.si388","shared.egf.si","NCSTN"
"shared.egf.si389","shared.egf.si","NELL2"
"shared.egf.si390","shared.egf.si","NGEF"
"shared.egf.si391","shared.egf.si","NIT1"
"shared.egf.si392","shared.egf.si","NLRP6"
"shared.egf.si393","shared.egf.si","NOL4L"
"shared.egf.si394","shared.egf.si","NOP9"
"shared.egf.si395","shared.egf.si","NPC1L1"
"shared.egf.si396","shared.egf.si","NPY6R"
"shared.egf.si397","shared.egf.si","NQO2"
"shared.egf.si398","shared.egf.si","NR0B2"
"shared.egf.si399","shared.egf.si","NR1H3"
"shared.egf.si400","shared.egf.si","NR1I3"
"shared.egf.si401","shared.egf.si","NUCB1"
"shared.egf.si402","shared.egf.si","NUTM2B-AS1"
"shared.egf.si403","shared.egf.si","OCIAD2"
"shared.egf.si404","shared.egf.si","OGDH"
"shared.egf.si405","shared.egf.si","OGG1"
"shared.egf.si406","shared.egf.si","OTC"
"shared.egf.si407","shared.egf.si","OXNAD1"
"shared.egf.si408","shared.egf.si","P4HB"
"shared.egf.si409","shared.egf.si","PAOX"
"shared.egf.si410","shared.egf.si","PARP2"
"shared.egf.si411","shared.egf.si","PARP3"
"shared.egf.si412","shared.egf.si","PBLD"
"shared.egf.si413","shared.egf.si","PBX2"
"shared.egf.si414","shared.egf.si","PCBP2,PCBP2-OT1"
"shared.egf.si415","shared.egf.si","PCK2"
"shared.egf.si416","shared.egf.si","PCSK5"
"shared.egf.si417","shared.egf.si","PCYT1A"
"shared.egf.si418","shared.egf.si","PDE8B"
"shared.egf.si419","shared.egf.si","PDLIM2"
"shared.egf.si420","shared.egf.si","PDSS1"
"shared.egf.si421","shared.egf.si","PDXP"
"shared.egf.si422","shared.egf.si","PDZD7"
"shared.egf.si423","shared.egf.si","PEBP1"
"shared.egf.si424","shared.egf.si","PEPD"
"shared.egf.si425","shared.egf.si","PEX14"
"shared.egf.si426","shared.egf.si","PEX16"
"shared.egf.si427","shared.egf.si","PFKL"
"shared.egf.si428","shared.egf.si","PFKP"
"shared.egf.si429","shared.egf.si","PGD"
"shared.egf.si430","shared.egf.si","PGRMC2"
"shared.egf.si431","shared.egf.si","PGS1"
"shared.egf.si432","shared.egf.si","PIM1"
"shared.egf.si433","shared.egf.si","PIP5K1A"
"shared.egf.si434","shared.egf.si","PKLR"
"shared.egf.si435","shared.egf.si","PLCB3"
"shared.egf.si436","shared.egf.si","PLEK2"
"shared.egf.si437","shared.egf.si","PLEKHA7"
"shared.egf.si438","shared.egf.si","PLEKHS1"
"shared.egf.si439","shared.egf.si","PLIN3"
"shared.egf.si440","shared.egf.si","PLLP"
"shared.egf.si441","shared.egf.si","PMM1"
"shared.egf.si442","shared.egf.si","PNLIPRP2"
"shared.egf.si443","shared.egf.si","PNP"
"shared.egf.si444","shared.egf.si","POLR3H"
"shared.egf.si445","shared.egf.si","POMGNT1"
"shared.egf.si446","shared.egf.si","POR"
"shared.egf.si447","shared.egf.si","PP7080"
"shared.egf.si448","shared.egf.si","PPIP5K1"
"shared.egf.si449","shared.egf.si","PPP2R5D"
"shared.egf.si450","shared.egf.si","PPP6R1"
"shared.egf.si451","shared.egf.si","PQBP1"
"shared.egf.si452","shared.egf.si","PQLC2"
"shared.egf.si453","shared.egf.si","PRAP1"
"shared.egf.si454","shared.egf.si","PRDX2"
"shared.egf.si455","shared.egf.si","PRKCD"
"shared.egf.si456","shared.egf.si","PRKCZ"
"shared.egf.si457","shared.egf.si","PRKD2"
"shared.egf.si458","shared.egf.si","PRODH"
"shared.egf.si459","shared.egf.si","PRR13"
"shared.egf.si460","shared.egf.si","PRSS1"
"shared.egf.si461","shared.egf.si","PRSS3P2"
"shared.egf.si462","shared.egf.si","PSD4"
"shared.egf.si463","shared.egf.si","PSMA1"
"shared.egf.si464","shared.egf.si","PSMB10"
"shared.egf.si465","shared.egf.si","PSMB8"
"shared.egf.si466","shared.egf.si","PSMB9"
"shared.egf.si467","shared.egf.si","PSMD9"
"shared.egf.si468","shared.egf.si","PSME1"
"shared.egf.si469","shared.egf.si","PTK2B"
"shared.egf.si470","shared.egf.si","PTPRH"
"shared.egf.si471","shared.egf.si","PVRL2"
"shared.egf.si472","shared.egf.si","PXDC1"
"shared.egf.si473","shared.egf.si","QRICH1"
"shared.egf.si474","shared.egf.si","RAB11FIP3"
"shared.egf.si475","shared.egf.si","RAB17"
"shared.egf.si476","shared.egf.si","RAB5C"
"shared.egf.si477","shared.egf.si","RAB8A"
"shared.egf.si478","shared.egf.si","RARA"
"shared.egf.si479","shared.egf.si","RARRES3"
"shared.egf.si480","shared.egf.si","RASSF4"
"shared.egf.si481","shared.egf.si","RBP2"
"shared.egf.si482","shared.egf.si","REEP6"
"shared.egf.si483","shared.egf.si","REG1A"
"shared.egf.si484","shared.egf.si","RFX5"
"shared.egf.si485","shared.egf.si","RGN"
"shared.egf.si486","shared.egf.si","RIC3"
"shared.egf.si487","shared.egf.si","RIPK3"
"shared.egf.si488","shared.egf.si","RIPK4"
"shared.egf.si489","shared.egf.si","RMDN3"
"shared.egf.si490","shared.egf.si","RMND1"
"shared.egf.si491","shared.egf.si","RNF10"
"shared.egf.si492","shared.egf.si","RNF123"
"shared.egf.si493","shared.egf.si","RNF167"
"shared.egf.si494","shared.egf.si","RRNAD1"
"shared.egf.si495","shared.egf.si","RTKN"
"shared.egf.si496","shared.egf.si","RTP4"
"shared.egf.si497","shared.egf.si","SAPCD1-AS1,VWA7"
"shared.egf.si498","shared.egf.si","SAT2"
"shared.egf.si499","shared.egf.si","SCAMP5"
"shared.egf.si500","shared.egf.si","SCARB1"
"shared.egf.si501","shared.egf.si","SCML4"
"shared.egf.si502","shared.egf.si","SCNN1D"
"shared.egf.si503","shared.egf.si","SCRN2"
"shared.egf.si504","shared.egf.si","SDHD"
"shared.egf.si505","shared.egf.si","SEC13"
"shared.egf.si506","shared.egf.si","SEC14L2"
"shared.egf.si507","shared.egf.si","SEC16B"
"shared.egf.si508","shared.egf.si","SFRP5"
"shared.egf.si509","shared.egf.si","SFXN3"
"shared.egf.si510","shared.egf.si","SH3BP1"
"shared.egf.si511","shared.egf.si","SH3GL1"
"shared.egf.si512","shared.egf.si","SHPK,TRPV1"
"shared.egf.si513","shared.egf.si","SIDT2"
"shared.egf.si514","shared.egf.si","SIGLEC12"
"shared.egf.si515","shared.egf.si","SLC12A7"
"shared.egf.si516","shared.egf.si","SLC13A2"
"shared.egf.si517","shared.egf.si","SLC16A13"
"shared.egf.si518","shared.egf.si","SLC16A5"
"shared.egf.si519","shared.egf.si","SLC19A1"
"shared.egf.si520","shared.egf.si","SLC22A18"
"shared.egf.si521","shared.egf.si","SLC22A4"
"shared.egf.si522","shared.egf.si","SLC23A1"
"shared.egf.si523","shared.egf.si","SLC25A20"
"shared.egf.si524","shared.egf.si","SLC25A44"
"shared.egf.si525","shared.egf.si","SLC25A45"
"shared.egf.si526","shared.egf.si","SLC25A5"
"shared.egf.si527","shared.egf.si","SLC26A11"
"shared.egf.si528","shared.egf.si","SLC2A12"
"shared.egf.si529","shared.egf.si","SLC2A5"
"shared.egf.si530","shared.egf.si","SLC2A9"
"shared.egf.si531","shared.egf.si","SLC35B1"
"shared.egf.si532","shared.egf.si","SLC37A4"
"shared.egf.si533","shared.egf.si","SLC39A5"
"shared.egf.si534","shared.egf.si","SLC3A2"
"shared.egf.si535","shared.egf.si","SLC52A1"
"shared.egf.si536","shared.egf.si","SLC5A1"
"shared.egf.si537","shared.egf.si","SLC5A6"
"shared.egf.si538","shared.egf.si","SLC6A19"
"shared.egf.si539","shared.egf.si","SLC6A20"
"shared.egf.si540","shared.egf.si","SLC7A7"
"shared.egf.si541","shared.egf.si","SLC7A9"
"shared.egf.si542","shared.egf.si","SLC9A3"
"shared.egf.si543","shared.egf.si","SLX4"
"shared.egf.si544","shared.egf.si","SMAD3"
"shared.egf.si545","shared.egf.si","SMARCD1"
"shared.egf.si546","shared.egf.si","SMIM24"
"shared.egf.si547","shared.egf.si","SMLR1"
"shared.egf.si548","shared.egf.si","SMOX"
"shared.egf.si549","shared.egf.si","SMPD3"
"shared.egf.si550","shared.egf.si","SOAT2"
"shared.egf.si551","shared.egf.si","SPANXN3"
"shared.egf.si552","shared.egf.si","SPHK2"
"shared.egf.si553","shared.egf.si","SPNS3"
"shared.egf.si554","shared.egf.si","SRC"
"shared.egf.si555","shared.egf.si","SSTR1"
"shared.egf.si556","shared.egf.si","ST7,ST7-OT3"
"shared.egf.si557","shared.egf.si","STAT6"
"shared.egf.si558","shared.egf.si","STAU1"
"shared.egf.si559","shared.egf.si","STK24"
"shared.egf.si560","shared.egf.si","SUCLG1"
"shared.egf.si561","shared.egf.si","SULT1A1"
"shared.egf.si562","shared.egf.si","SULT1A2"
"shared.egf.si563","shared.egf.si","SULT2A1"
"shared.egf.si564","shared.egf.si","SYP"
"shared.egf.si565","shared.egf.si","TAP2"
"shared.egf.si566","shared.egf.si","TBK1"
"shared.egf.si567","shared.egf.si","TCF7"
"shared.egf.si568","shared.egf.si","TFG"
"shared.egf.si569","shared.egf.si","THRA"
"shared.egf.si570","shared.egf.si","TIAM2"
"shared.egf.si571","shared.egf.si","TICAM1"
"shared.egf.si572","shared.egf.si","TJAP1"
"shared.egf.si573","shared.egf.si","TKFC"
"shared.egf.si574","shared.egf.si","TLDC2"
"shared.egf.si575","shared.egf.si","TM4SF4"
"shared.egf.si576","shared.egf.si","TM4SF5"
"shared.egf.si577","shared.egf.si","TM6SF2"
"shared.egf.si578","shared.egf.si","TMED4"
"shared.egf.si579","shared.egf.si","TMEM116"
"shared.egf.si580","shared.egf.si","TMEM120A"
"shared.egf.si581","shared.egf.si","TMEM139"
"shared.egf.si582","shared.egf.si","TMEM150B"
"shared.egf.si583","shared.egf.si","TMEM177"
"shared.egf.si584","shared.egf.si","TMEM184A"
"shared.egf.si585","shared.egf.si","TMEM229B"
"shared.egf.si586","shared.egf.si","TMEM253"
"shared.egf.si587","shared.egf.si","TMEM25,TTC36"
"shared.egf.si588","shared.egf.si","TMEM37"
"shared.egf.si589","shared.egf.si","TMEM51"
"shared.egf.si590","shared.egf.si","TMEM51-AS1"
"shared.egf.si591","shared.egf.si","TMEM82"
"shared.egf.si592","shared.egf.si","TMEM86B"
"shared.egf.si593","shared.egf.si","TMEM92"
"shared.egf.si594","shared.egf.si","TNFRSF14"
"shared.egf.si595","shared.egf.si","TNFRSF1A"
"shared.egf.si596","shared.egf.si","TNIK"
"shared.egf.si597","shared.egf.si","TOM1"
"shared.egf.si598","shared.egf.si","TOM1L1"
"shared.egf.si599","shared.egf.si","TOX4"
"shared.egf.si600","shared.egf.si","TPI1"
"shared.egf.si601","shared.egf.si","TRAF4"
"shared.egf.si602","shared.egf.si","TREH"
"shared.egf.si603","shared.egf.si","TRIM14"
"shared.egf.si604","shared.egf.si","TRIM15"
"shared.egf.si605","shared.egf.si","TRIM16"
"shared.egf.si606","shared.egf.si","TRIM21"
"shared.egf.si607","shared.egf.si","TTC38"
"shared.egf.si608","shared.egf.si","UBXN2A"
"shared.egf.si609","shared.egf.si","UGT3A1"
"shared.egf.si610","shared.egf.si","UNC5CL"
"shared.egf.si611","shared.egf.si","USF1"
"shared.egf.si612","shared.egf.si","USH1C"
"shared.egf.si613","shared.egf.si","USP10"
"shared.egf.si614","shared.egf.si","USP2"
"shared.egf.si615","shared.egf.si","VRK3"
"shared.egf.si616","shared.egf.si","VRTN"
"shared.egf.si617","shared.egf.si","WBP2"
"shared.egf.si618","shared.egf.si","WDR45"
"shared.egf.si619","shared.egf.si","WDTC1"
"shared.egf.si620","shared.egf.si","WNT3"
"shared.egf.si621","shared.egf.si","WWC1"
"shared.egf.si622","shared.egf.si","XAF1"
"shared.egf.si623","shared.egf.si","XDH"
"shared.egf.si624","shared.egf.si","XPNPEP1"
"shared.egf.si625","shared.egf.si","ZDHHC9"
"shared.egf.si626","shared.egf.si","ZER1"
"shared.egf.si627","shared.egf.si","ZFAND3"
"shared.egf.si628","shared.egf.si","ZFYVE27"
"shared.egf.si629","shared.egf.si","ZMYND15"
"shared.egf.si630","shared.egf.si","ZNF384"
"shared.egf.si631","shared.egf.si","ZNF782"
"shared.egf.si632","shared.egf.si","ZRANB2-AS1"
"shared.egf.si633","shared.egf.si","ZSWIM8"
"shared.bmpnog.colon1","shared.bmpnog.colon","AAGAB"
"shared.bmpnog.colon2","shared.bmpnog.colon","ABCA12"
"shared.bmpnog.colon3","shared.bmpnog.colon","ACTR2"
"shared.bmpnog.colon4","shared.bmpnog.colon","ADAM10"
"shared.bmpnog.colon5","shared.bmpnog.colon","ADAM22"
"shared.bmpnog.colon6","shared.bmpnog.colon","AGPS"
"shared.bmpnog.colon7","shared.bmpnog.colon","AGTPBP1"
"shared.bmpnog.colon8","shared.bmpnog.colon","AKAP13,MIR7706"
"shared.bmpnog.colon9","shared.bmpnog.colon","ALDH1B1"
"shared.bmpnog.colon10","shared.bmpnog.colon","ALG5"
"shared.bmpnog.colon11","shared.bmpnog.colon","ANKDD1B"
"shared.bmpnog.colon12","shared.bmpnog.colon","ANKRD30BP2"
"shared.bmpnog.colon13","shared.bmpnog.colon","ANTXR2"
"shared.bmpnog.colon14","shared.bmpnog.colon","ANXA3"
"shared.bmpnog.colon15","shared.bmpnog.colon","ARFGEF3"
"shared.bmpnog.colon16","shared.bmpnog.colon","ARHGAP44"
"shared.bmpnog.colon17","shared.bmpnog.colon","ARPC5"
"shared.bmpnog.colon18","shared.bmpnog.colon","ASCC1"
"shared.bmpnog.colon19","shared.bmpnog.colon","ASIP"
"shared.bmpnog.colon20","shared.bmpnog.colon","ATF6"
"shared.bmpnog.colon21","shared.bmpnog.colon","ATOH1"
"shared.bmpnog.colon22","shared.bmpnog.colon","ATXN3"
"shared.bmpnog.colon23","shared.bmpnog.colon","B3GALNT2"
"shared.bmpnog.colon24","shared.bmpnog.colon","B3GNT6"
"shared.bmpnog.colon25","shared.bmpnog.colon","B4GALNT3"
"shared.bmpnog.colon26","shared.bmpnog.colon","BCAS1"
"shared.bmpnog.colon27","shared.bmpnog.colon","BCL10"
"shared.bmpnog.colon28","shared.bmpnog.colon","BCLAF1"
"shared.bmpnog.colon29","shared.bmpnog.colon","BEND3"
"shared.bmpnog.colon30","shared.bmpnog.colon","BEST2"
"shared.bmpnog.colon31","shared.bmpnog.colon","BTBD3"
"shared.bmpnog.colon32","shared.bmpnog.colon","BZW1"
"shared.bmpnog.colon33","shared.bmpnog.colon","C11orf58"
"shared.bmpnog.colon34","shared.bmpnog.colon","C12orf75"
"shared.bmpnog.colon35","shared.bmpnog.colon","CA12"
"shared.bmpnog.colon36","shared.bmpnog.colon","CAMSAP1"
"shared.bmpnog.colon37","shared.bmpnog.colon","CAPN2"
"shared.bmpnog.colon38","shared.bmpnog.colon","CAPRIN1"
"shared.bmpnog.colon39","shared.bmpnog.colon","CASC18"
"shared.bmpnog.colon40","shared.bmpnog.colon","CBFB"
"shared.bmpnog.colon41","shared.bmpnog.colon","CCPG1,DYX1C1,DYX1C1-CCPG1"
"shared.bmpnog.colon42","shared.bmpnog.colon","CD24"
"shared.bmpnog.colon43","shared.bmpnog.colon","CD9"
"shared.bmpnog.colon44","shared.bmpnog.colon","CDC23"
"shared.bmpnog.colon45","shared.bmpnog.colon","CEACAM6"
"shared.bmpnog.colon46","shared.bmpnog.colon","CEP290"
"shared.bmpnog.colon47","shared.bmpnog.colon","CFC1,CFC1B"
"shared.bmpnog.colon48","shared.bmpnog.colon","CLIC4"
"shared.bmpnog.colon49","shared.bmpnog.colon","CLMN"
"shared.bmpnog.colon50","shared.bmpnog.colon","CLNS1A"
"shared.bmpnog.colon51","shared.bmpnog.colon","CLSTN1"
"shared.bmpnog.colon52","shared.bmpnog.colon","CNTN3"
"shared.bmpnog.colon53","shared.bmpnog.colon","CSRNP3"
"shared.bmpnog.colon54","shared.bmpnog.colon","DAAM1"
"shared.bmpnog.colon55","shared.bmpnog.colon","DDX50"
"shared.bmpnog.colon56","shared.bmpnog.colon","DGKH"
"shared.bmpnog.colon57","shared.bmpnog.colon","DICER1"
"shared.bmpnog.colon58","shared.bmpnog.colon","DIP2B"
"shared.bmpnog.colon59","shared.bmpnog.colon","DMTN"
"shared.bmpnog.colon60","shared.bmpnog.colon","EARS2"
"shared.bmpnog.colon61","shared.bmpnog.colon","EBPL"
"shared.bmpnog.colon62","shared.bmpnog.colon","EEA1"
"shared.bmpnog.colon63","shared.bmpnog.colon","EHF"
"shared.bmpnog.colon64","shared.bmpnog.colon","EPHA10"
"shared.bmpnog.colon65","shared.bmpnog.colon","EPHB4"
"shared.bmpnog.colon66","shared.bmpnog.colon","EXOC5"
"shared.bmpnog.colon67","shared.bmpnog.colon","EXOC6"
"shared.bmpnog.colon68","shared.bmpnog.colon","FAM105A"
"shared.bmpnog.colon69","shared.bmpnog.colon","FAM169A"
"shared.bmpnog.colon70","shared.bmpnog.colon","FAM175A"
"shared.bmpnog.colon71","shared.bmpnog.colon","FAM218A"
"shared.bmpnog.colon72","shared.bmpnog.colon","FAM60A"
"shared.bmpnog.colon73","shared.bmpnog.colon","FAS"
"shared.bmpnog.colon74","shared.bmpnog.colon","FECH"
"shared.bmpnog.colon75","shared.bmpnog.colon","FERMT1"
"shared.bmpnog.colon76","shared.bmpnog.colon","FFAR4"
"shared.bmpnog.colon77","shared.bmpnog.colon","FGF7"
"shared.bmpnog.colon78","shared.bmpnog.colon","FKTN"
"shared.bmpnog.colon79","shared.bmpnog.colon","FMN2"
"shared.bmpnog.colon80","shared.bmpnog.colon","FRMPD3"
"shared.bmpnog.colon81","shared.bmpnog.colon","G3BP1"
"shared.bmpnog.colon82","shared.bmpnog.colon","GARS"
"shared.bmpnog.colon83","shared.bmpnog.colon","GCSH"
"shared.bmpnog.colon84","shared.bmpnog.colon","GGH"
"shared.bmpnog.colon85","shared.bmpnog.colon","GJB4"
"shared.bmpnog.colon86","shared.bmpnog.colon","GLIS3"
"shared.bmpnog.colon87","shared.bmpnog.colon","GLUL"
"shared.bmpnog.colon88","shared.bmpnog.colon","GMNN"
"shared.bmpnog.colon89","shared.bmpnog.colon","GNE"
"shared.bmpnog.colon90","shared.bmpnog.colon","GNPTAB"
"shared.bmpnog.colon91","shared.bmpnog.colon","GOT2"
"shared.bmpnog.colon92","shared.bmpnog.colon","GP9"
"shared.bmpnog.colon93","shared.bmpnog.colon","GRSF1"
"shared.bmpnog.colon94","shared.bmpnog.colon","GSPT1"
"shared.bmpnog.colon95","shared.bmpnog.colon","GYG2"
"shared.bmpnog.colon96","shared.bmpnog.colon","HDAC1"
"shared.bmpnog.colon97","shared.bmpnog.colon","HIATL1"
"shared.bmpnog.colon98","shared.bmpnog.colon","HK2"
"shared.bmpnog.colon99","shared.bmpnog.colon","HMGA2"
"shared.bmpnog.colon100","shared.bmpnog.colon","HN1L"
"shared.bmpnog.colon101","shared.bmpnog.colon","HNMT"
"shared.bmpnog.colon102","shared.bmpnog.colon","HNRNPAB"
"shared.bmpnog.colon103","shared.bmpnog.colon","HOXA10-AS"
"shared.bmpnog.colon104","shared.bmpnog.colon","HOXA10,HOXA10-HOXA9,HOXA9"
"shared.bmpnog.colon105","shared.bmpnog.colon","HOXA11"
"shared.bmpnog.colon106","shared.bmpnog.colon","HOXB9"
"shared.bmpnog.colon107","shared.bmpnog.colon","HOXB-AS3"
"shared.bmpnog.colon108","shared.bmpnog.colon","IARS"
"shared.bmpnog.colon109","shared.bmpnog.colon","IFT74-AS1"
"shared.bmpnog.colon110","shared.bmpnog.colon","IL1R2"
"shared.bmpnog.colon111","shared.bmpnog.colon","ILDR1"
"shared.bmpnog.colon112","shared.bmpnog.colon","IPO5P1"
"shared.bmpnog.colon113","shared.bmpnog.colon","IQGAP1"
"shared.bmpnog.colon114","shared.bmpnog.colon","ITM2C"
"shared.bmpnog.colon115","shared.bmpnog.colon","JAG1"
"shared.bmpnog.colon116","shared.bmpnog.colon","JPH1"
"shared.bmpnog.colon117","shared.bmpnog.colon","KCNJ2"
"shared.bmpnog.colon118","shared.bmpnog.colon","KCNN4"
"shared.bmpnog.colon119","shared.bmpnog.colon","KCNRG,TRIM13"
"shared.bmpnog.colon120","shared.bmpnog.colon","KCTD1"
"shared.bmpnog.colon121","shared.bmpnog.colon","KCTD20"
"shared.bmpnog.colon122","shared.bmpnog.colon","KLK15"
"shared.bmpnog.colon123","shared.bmpnog.colon","KNOP1"
"shared.bmpnog.colon124","shared.bmpnog.colon","KPNA4"
"shared.bmpnog.colon125","shared.bmpnog.colon","LEFTY1"
"shared.bmpnog.colon126","shared.bmpnog.colon","LIMK2"
"shared.bmpnog.colon127","shared.bmpnog.colon","LINC00341"
"shared.bmpnog.colon128","shared.bmpnog.colon","LINC00858"
"shared.bmpnog.colon129","shared.bmpnog.colon","LIPH"
"shared.bmpnog.colon130","shared.bmpnog.colon","LOC100507346"
"shared.bmpnog.colon131","shared.bmpnog.colon","LOC101928233"
"shared.bmpnog.colon132","shared.bmpnog.colon","LOC101929395"
"shared.bmpnog.colon133","shared.bmpnog.colon","LOC101929524"
"shared.bmpnog.colon134","shared.bmpnog.colon","LRRK1"
"shared.bmpnog.colon135","shared.bmpnog.colon","MAML2"
"shared.bmpnog.colon136","shared.bmpnog.colon","MAPRE2"
"shared.bmpnog.colon137","shared.bmpnog.colon","MARCH3"
"shared.bmpnog.colon138","shared.bmpnog.colon","MARCKSL1"
"shared.bmpnog.colon139","shared.bmpnog.colon","MBNL3"
"shared.bmpnog.colon140","shared.bmpnog.colon","MCOLN2"
"shared.bmpnog.colon141","shared.bmpnog.colon","MECOM"
"shared.bmpnog.colon142","shared.bmpnog.colon","METTL5"
"shared.bmpnog.colon143","shared.bmpnog.colon","MFAP3L"
"shared.bmpnog.colon144","shared.bmpnog.colon","MFHAS1"
"shared.bmpnog.colon145","shared.bmpnog.colon","MINA"
"shared.bmpnog.colon146","shared.bmpnog.colon","MLLT3"
"shared.bmpnog.colon147","shared.bmpnog.colon","MPHOSPH6"
"shared.bmpnog.colon148","shared.bmpnog.colon","MPLKIP"
"shared.bmpnog.colon149","shared.bmpnog.colon","MPZL2"
"shared.bmpnog.colon150","shared.bmpnog.colon","MREG"
"shared.bmpnog.colon151","shared.bmpnog.colon","MRPL1"
"shared.bmpnog.colon152","shared.bmpnog.colon","MRPL3"
"shared.bmpnog.colon153","shared.bmpnog.colon","MTL5"
"shared.bmpnog.colon154","shared.bmpnog.colon","MYO3A"
"shared.bmpnog.colon155","shared.bmpnog.colon","MYO5C"
"shared.bmpnog.colon156","shared.bmpnog.colon","NAA15"
"shared.bmpnog.colon157","shared.bmpnog.colon","NAP1L1"
"shared.bmpnog.colon158","shared.bmpnog.colon","NCBP1"
"shared.bmpnog.colon159","shared.bmpnog.colon","NDC1"
"shared.bmpnog.colon160","shared.bmpnog.colon","NEDD4L"
"shared.bmpnog.colon161","shared.bmpnog.colon","NEURL1B"
"shared.bmpnog.colon162","shared.bmpnog.colon","NLE1"
"shared.bmpnog.colon163","shared.bmpnog.colon","NOLC1"
"shared.bmpnog.colon164","shared.bmpnog.colon","NOTCH1"
"shared.bmpnog.colon165","shared.bmpnog.colon","NOTCH2"
"shared.bmpnog.colon166","shared.bmpnog.colon","NRARP"
"shared.bmpnog.colon167","shared.bmpnog.colon","NRXN1"
"shared.bmpnog.colon168","shared.bmpnog.colon","NSF,NSFP1"
"shared.bmpnog.colon169","shared.bmpnog.colon","NT5DC3"
"shared.bmpnog.colon170","shared.bmpnog.colon","NUDT4"
"shared.bmpnog.colon171","shared.bmpnog.colon","NXPE1"
"shared.bmpnog.colon172","shared.bmpnog.colon","NXPE2"
"shared.bmpnog.colon173","shared.bmpnog.colon","NXPE4"
"shared.bmpnog.colon174","shared.bmpnog.colon","ODC1"
"shared.bmpnog.colon175","shared.bmpnog.colon","ORC5"
"shared.bmpnog.colon176","shared.bmpnog.colon","P4HA1"
"shared.bmpnog.colon177","shared.bmpnog.colon","PAPPA2"
"shared.bmpnog.colon178","shared.bmpnog.colon","PARM1"
"shared.bmpnog.colon179","shared.bmpnog.colon","PAWR"
"shared.bmpnog.colon180","shared.bmpnog.colon","PCDHB11"
"shared.bmpnog.colon181","shared.bmpnog.colon","PDE3B"
"shared.bmpnog.colon182","shared.bmpnog.colon","PDZK1IP1"
"shared.bmpnog.colon183","shared.bmpnog.colon","PGBD5"
"shared.bmpnog.colon184","shared.bmpnog.colon","PHF20"
"shared.bmpnog.colon185","shared.bmpnog.colon","PHF6"
"shared.bmpnog.colon186","shared.bmpnog.colon","PKIB"
"shared.bmpnog.colon187","shared.bmpnog.colon","PLCD3"
"shared.bmpnog.colon188","shared.bmpnog.colon","PLSCR4"
"shared.bmpnog.colon189","shared.bmpnog.colon","POF1B"
"shared.bmpnog.colon190","shared.bmpnog.colon","POLR3B"
"shared.bmpnog.colon191","shared.bmpnog.colon","POSTN"
"shared.bmpnog.colon192","shared.bmpnog.colon","PP14571"
"shared.bmpnog.colon193","shared.bmpnog.colon","PPIC"
"shared.bmpnog.colon194","shared.bmpnog.colon","PPP1R8"
"shared.bmpnog.colon195","shared.bmpnog.colon","PPP2R3A"
"shared.bmpnog.colon196","shared.bmpnog.colon","PPP3CA"
"shared.bmpnog.colon197","shared.bmpnog.colon","PREP"
"shared.bmpnog.colon198","shared.bmpnog.colon","PRKACB"
"shared.bmpnog.colon199","shared.bmpnog.colon","PRKAR2A"
"shared.bmpnog.colon200","shared.bmpnog.colon","PRKRIR"
"shared.bmpnog.colon201","shared.bmpnog.colon","PRMT5"
"shared.bmpnog.colon202","shared.bmpnog.colon","PSMD6"
"shared.bmpnog.colon203","shared.bmpnog.colon","PSME4"
"shared.bmpnog.colon204","shared.bmpnog.colon","PTAR1"
"shared.bmpnog.colon205","shared.bmpnog.colon","PTTG1IP"
"shared.bmpnog.colon206","shared.bmpnog.colon","PUM1"
"shared.bmpnog.colon207","shared.bmpnog.colon","PYGL"
"shared.bmpnog.colon208","shared.bmpnog.colon","QPCT"
"shared.bmpnog.colon209","shared.bmpnog.colon","R3HDM1"
"shared.bmpnog.colon210","shared.bmpnog.colon","RAB3B"
"shared.bmpnog.colon211","shared.bmpnog.colon","RABEP1"
"shared.bmpnog.colon212","shared.bmpnog.colon","RAP1GDS1"
"shared.bmpnog.colon213","shared.bmpnog.colon","RAPGEF2"
"shared.bmpnog.colon214","shared.bmpnog.colon","RBMS3"
"shared.bmpnog.colon215","shared.bmpnog.colon","RCC2"
"shared.bmpnog.colon216","shared.bmpnog.colon","REXO2"
"shared.bmpnog.colon217","shared.bmpnog.colon","RIF1"
"shared.bmpnog.colon218","shared.bmpnog.colon","RIMS3"
"shared.bmpnog.colon219","shared.bmpnog.colon","RNASEH2B"
"shared.bmpnog.colon220","shared.bmpnog.colon","RPA2"
"shared.bmpnog.colon221","shared.bmpnog.colon","RSF1"
"shared.bmpnog.colon222","shared.bmpnog.colon","RSL24D1"
"shared.bmpnog.colon223","shared.bmpnog.colon","RXFP4"
"shared.bmpnog.colon224","shared.bmpnog.colon","SATB2"
"shared.bmpnog.colon225","shared.bmpnog.colon","SATB2-AS1"
"shared.bmpnog.colon226","shared.bmpnog.colon","SCLT1"
"shared.bmpnog.colon227","shared.bmpnog.colon","SERBP1"
"shared.bmpnog.colon228","shared.bmpnog.colon","SETBP1"
"shared.bmpnog.colon229","shared.bmpnog.colon","SH3PXD2A-AS1"
"shared.bmpnog.colon230","shared.bmpnog.colon","SIPA1L2"
"shared.bmpnog.colon231","shared.bmpnog.colon","SLC16A9"
"shared.bmpnog.colon232","shared.bmpnog.colon","SLC1A3"
"shared.bmpnog.colon233","shared.bmpnog.colon","SLC39A8"
"shared.bmpnog.colon234","shared.bmpnog.colon","SLC7A2"
"shared.bmpnog.colon235","shared.bmpnog.colon","SLC9A2"
"shared.bmpnog.colon236","shared.bmpnog.colon","SLCO4A1-AS1"
"shared.bmpnog.colon237","shared.bmpnog.colon","SMAD5"
"shared.bmpnog.colon238","shared.bmpnog.colon","SMARCA5"
"shared.bmpnog.colon239","shared.bmpnog.colon","SMC6"
"shared.bmpnog.colon240","shared.bmpnog.colon","SNRPE"
"shared.bmpnog.colon241","shared.bmpnog.colon","SNX13"
"shared.bmpnog.colon242","shared.bmpnog.colon","SOCS5"
"shared.bmpnog.colon243","shared.bmpnog.colon","SORBS2"
"shared.bmpnog.colon244","shared.bmpnog.colon","SPAG1"
"shared.bmpnog.colon245","shared.bmpnog.colon","SRSF12"
"shared.bmpnog.colon246","shared.bmpnog.colon","SRSF9"
"shared.bmpnog.colon247","shared.bmpnog.colon","ST6GAL2"
"shared.bmpnog.colon248","shared.bmpnog.colon","STAB2"
"shared.bmpnog.colon249","shared.bmpnog.colon","STMND1"
"shared.bmpnog.colon250","shared.bmpnog.colon","STS"
"shared.bmpnog.colon251","shared.bmpnog.colon","STX19"
"shared.bmpnog.colon252","shared.bmpnog.colon","SUSD1"
"shared.bmpnog.colon253","shared.bmpnog.colon","SUV39H2"
"shared.bmpnog.colon254","shared.bmpnog.colon","TBL2"
"shared.bmpnog.colon255","shared.bmpnog.colon","TCTA"
"shared.bmpnog.colon256","shared.bmpnog.colon","TDGF1"
"shared.bmpnog.colon257","shared.bmpnog.colon","TFRC"
"shared.bmpnog.colon258","shared.bmpnog.colon","TMA16"
"shared.bmpnog.colon259","shared.bmpnog.colon","TMCC1-AS1"
"shared.bmpnog.colon260","shared.bmpnog.colon","TMED10"
"shared.bmpnog.colon261","shared.bmpnog.colon","TMED2"
"shared.bmpnog.colon262","shared.bmpnog.colon","TMEM123"
"shared.bmpnog.colon263","shared.bmpnog.colon","TMEM159"
"shared.bmpnog.colon264","shared.bmpnog.colon","TMEM200B"
"shared.bmpnog.colon265","shared.bmpnog.colon","TMEM38A"
"shared.bmpnog.colon266","shared.bmpnog.colon","TRABD2A"
"shared.bmpnog.colon267","shared.bmpnog.colon","TSN"
"shared.bmpnog.colon268","shared.bmpnog.colon","TSPAN5"
"shared.bmpnog.colon269","shared.bmpnog.colon","TTC3"
"shared.bmpnog.colon270","shared.bmpnog.colon","TTC8"
"shared.bmpnog.colon271","shared.bmpnog.colon","TTPA"
"shared.bmpnog.colon272","shared.bmpnog.colon","UBE2A"
"shared.bmpnog.colon273","shared.bmpnog.colon","UBE2N"
"shared.bmpnog.colon274","shared.bmpnog.colon","UGP2"
"shared.bmpnog.colon275","shared.bmpnog.colon","UNC13B"
"shared.bmpnog.colon276","shared.bmpnog.colon","URB1"
"shared.bmpnog.colon277","shared.bmpnog.colon","VWA3B"
"shared.bmpnog.colon278","shared.bmpnog.colon","WDHD1"
"shared.bmpnog.colon279","shared.bmpnog.colon","WDR35"
"shared.bmpnog.colon280","shared.bmpnog.colon","WDR78"
"shared.bmpnog.colon281","shared.bmpnog.colon","WIPI1"
"shared.bmpnog.colon282","shared.bmpnog.colon","WNK4"
"shared.bmpnog.colon283","shared.bmpnog.colon","WWP1"
"shared.bmpnog.colon284","shared.bmpnog.colon","XPO4"
"shared.bmpnog.colon285","shared.bmpnog.colon","YWHAE"
"shared.bmpnog.colon286","shared.bmpnog.colon","ZBTB7C"
"shared.bmpnog.colon287","shared.bmpnog.colon","ZBTB8B"
"shared.bmpnog.colon288","shared.bmpnog.colon","ZFHX3"
"shared.bmpnog.colon289","shared.bmpnog.colon","ZNF658"
"shared.bmpnog.colon290","shared.bmpnog.colon","ZNF774"
"shared.bmpnog.colon291","shared.bmpnog.colon","ZNF780B"
"shared.bmpegf.colon1","shared.bmpegf.colon","AAK1"
"shared.bmpegf.colon2","shared.bmpegf.colon","ABHD10"
"shared.bmpegf.colon3","shared.bmpegf.colon","ABHD17C"
"shared.bmpegf.colon4","shared.bmpegf.colon","ABL2"
"shared.bmpegf.colon5","shared.bmpegf.colon","ACTR2"
"shared.bmpegf.colon6","shared.bmpegf.colon","ACVR2B"
"shared.bmpegf.colon7","shared.bmpegf.colon","ACYP1"
"shared.bmpegf.colon8","shared.bmpegf.colon","ADAM10"
"shared.bmpegf.colon9","shared.bmpegf.colon","ADAM17"
"shared.bmpegf.colon10","shared.bmpegf.colon","ADAM22"
"shared.bmpegf.colon11","shared.bmpegf.colon","ADGRF4"
"shared.bmpegf.colon12","shared.bmpegf.colon","AEBP2"
"shared.bmpegf.colon13","shared.bmpegf.colon","AGPS"
"shared.bmpegf.colon14","shared.bmpegf.colon","AHI1"
"shared.bmpegf.colon15","shared.bmpegf.colon","AIDA"
"shared.bmpegf.colon16","shared.bmpegf.colon","AIFM3"
"shared.bmpegf.colon17","shared.bmpegf.colon","AKAP11"
"shared.bmpegf.colon18","shared.bmpegf.colon","AKAP13,MIR7706"
"shared.bmpegf.colon19","shared.bmpegf.colon","AKAP5"
"shared.bmpegf.colon20","shared.bmpegf.colon","ALG8"
"shared.bmpegf.colon21","shared.bmpegf.colon","ANKDD1B"
"shared.bmpegf.colon22","shared.bmpegf.colon","ANKFY1"
"shared.bmpegf.colon23","shared.bmpegf.colon","ANKS1B"
"shared.bmpegf.colon24","shared.bmpegf.colon","ANP32B"
"shared.bmpegf.colon25","shared.bmpegf.colon","ANTXR2"
"shared.bmpegf.colon26","shared.bmpegf.colon","AP2B1"
"shared.bmpegf.colon27","shared.bmpegf.colon","AP3M1"
"shared.bmpegf.colon28","shared.bmpegf.colon","APH1B"
"shared.bmpegf.colon29","shared.bmpegf.colon","APOBR"
"shared.bmpegf.colon30","shared.bmpegf.colon","ARFGEF3"
"shared.bmpegf.colon31","shared.bmpegf.colon","ARFIP1"
"shared.bmpegf.colon32","shared.bmpegf.colon","ARL14EP"
"shared.bmpegf.colon33","shared.bmpegf.colon","ARMC8"
"shared.bmpegf.colon34","shared.bmpegf.colon","ARPC5"
"shared.bmpegf.colon35","shared.bmpegf.colon","ARRDC3"
"shared.bmpegf.colon36","shared.bmpegf.colon","ASB7"
"shared.bmpegf.colon37","shared.bmpegf.colon","ASPH"
"shared.bmpegf.colon38","shared.bmpegf.colon","ATG4C"
"shared.bmpegf.colon39","shared.bmpegf.colon","ATL3"
"shared.bmpegf.colon40","shared.bmpegf.colon","ATM"
"shared.bmpegf.colon41","shared.bmpegf.colon","ATP13A3"
"shared.bmpegf.colon42","shared.bmpegf.colon","ATP2A3"
"shared.bmpegf.colon43","shared.bmpegf.colon","ATR"
"shared.bmpegf.colon44","shared.bmpegf.colon","ATRX"
"shared.bmpegf.colon45","shared.bmpegf.colon","ATXN1"
"shared.bmpegf.colon46","shared.bmpegf.colon","ATXN3"
"shared.bmpegf.colon47","shared.bmpegf.colon","B3GALNT2"
"shared.bmpegf.colon48","shared.bmpegf.colon","B3GNT6"
"shared.bmpegf.colon49","shared.bmpegf.colon","BAG5"
"shared.bmpegf.colon50","shared.bmpegf.colon","BAZ1B"
"shared.bmpegf.colon51","shared.bmpegf.colon","BBIP1"
"shared.bmpegf.colon52","shared.bmpegf.colon","BCAS1"
"shared.bmpegf.colon53","shared.bmpegf.colon","BCAT1"
"shared.bmpegf.colon54","shared.bmpegf.colon","BCLAF1"
"shared.bmpegf.colon55","shared.bmpegf.colon","BEND3"
"shared.bmpegf.colon56","shared.bmpegf.colon","BEST2"
"shared.bmpegf.colon57","shared.bmpegf.colon","BIN1"
"shared.bmpegf.colon58","shared.bmpegf.colon","BMPR2"
"shared.bmpegf.colon59","shared.bmpegf.colon","BNC2"
"shared.bmpegf.colon60","shared.bmpegf.colon","BTBD10"
"shared.bmpegf.colon61","shared.bmpegf.colon","BTBD3"
"shared.bmpegf.colon62","shared.bmpegf.colon","BTBD7"
"shared.bmpegf.colon63","shared.bmpegf.colon","BTF3L4"
"shared.bmpegf.colon64","shared.bmpegf.colon","BTRC"
"shared.bmpegf.colon65","shared.bmpegf.colon","BZW1"
"shared.bmpegf.colon66","shared.bmpegf.colon","C10orf99"
"shared.bmpegf.colon67","shared.bmpegf.colon","C11orf58"
"shared.bmpegf.colon68","shared.bmpegf.colon","C18orf54"
"shared.bmpegf.colon69","shared.bmpegf.colon","C3orf52"
"shared.bmpegf.colon70","shared.bmpegf.colon","C7orf60"
"shared.bmpegf.colon71","shared.bmpegf.colon","CA12"
"shared.bmpegf.colon72","shared.bmpegf.colon","CA4"
"shared.bmpegf.colon73","shared.bmpegf.colon","CAMK1D,LOC283070"
"shared.bmpegf.colon74","shared.bmpegf.colon","CAMSAP2"
"shared.bmpegf.colon75","shared.bmpegf.colon","CAPN8"
"shared.bmpegf.colon76","shared.bmpegf.colon","CAPZA1"
"shared.bmpegf.colon77","shared.bmpegf.colon","CASC4"
"shared.bmpegf.colon78","shared.bmpegf.colon","CASD1"
"shared.bmpegf.colon79","shared.bmpegf.colon","CBFB"
"shared.bmpegf.colon80","shared.bmpegf.colon","CBX5,MIR3198-2"
"shared.bmpegf.colon81","shared.bmpegf.colon","CCDC132"
"shared.bmpegf.colon82","shared.bmpegf.colon","CCDC88A"
"shared.bmpegf.colon83","shared.bmpegf.colon","CCND1"
"shared.bmpegf.colon84","shared.bmpegf.colon","CCNJL"
"shared.bmpegf.colon85","shared.bmpegf.colon","CCNT1"
"shared.bmpegf.colon86","shared.bmpegf.colon","CD24"
"shared.bmpegf.colon87","shared.bmpegf.colon","CD59"
"shared.bmpegf.colon88","shared.bmpegf.colon","CD9"
"shared.bmpegf.colon89","shared.bmpegf.colon","CDC42"
"shared.bmpegf.colon90","shared.bmpegf.colon","CDHR1"
"shared.bmpegf.colon91","shared.bmpegf.colon","CDK19"
"shared.bmpegf.colon92","shared.bmpegf.colon","CEACAM5"
"shared.bmpegf.colon93","shared.bmpegf.colon","CEACAM6"
"shared.bmpegf.colon94","shared.bmpegf.colon","CEBPZ"
"shared.bmpegf.colon95","shared.bmpegf.colon","CELF2"
"shared.bmpegf.colon96","shared.bmpegf.colon","CENPO"
"shared.bmpegf.colon97","shared.bmpegf.colon","CEP250"
"shared.bmpegf.colon98","shared.bmpegf.colon","CHD9"
"shared.bmpegf.colon99","shared.bmpegf.colon","CHIC1"
"shared.bmpegf.colon100","shared.bmpegf.colon","CLIC4"
"shared.bmpegf.colon101","shared.bmpegf.colon","CLMN"
"shared.bmpegf.colon102","shared.bmpegf.colon","CLNS1A"
"shared.bmpegf.colon103","shared.bmpegf.colon","CLTC"
"shared.bmpegf.colon104","shared.bmpegf.colon","CMTM6"
"shared.bmpegf.colon105","shared.bmpegf.colon","CNEP1R1"
"shared.bmpegf.colon106","shared.bmpegf.colon","CNTN3"
"shared.bmpegf.colon107","shared.bmpegf.colon","CPM"
"shared.bmpegf.colon108","shared.bmpegf.colon","CRK"
"shared.bmpegf.colon109","shared.bmpegf.colon","CRYM"
"shared.bmpegf.colon110","shared.bmpegf.colon","CSNK1A1"
"shared.bmpegf.colon111","shared.bmpegf.colon","CSRNP3"
"shared.bmpegf.colon112","shared.bmpegf.colon","CTDSPL"
"shared.bmpegf.colon113","shared.bmpegf.colon","CTTNBP2NL"
"shared.bmpegf.colon114","shared.bmpegf.colon","CYLD"
"shared.bmpegf.colon115","shared.bmpegf.colon","CYP20A1"
"shared.bmpegf.colon116","shared.bmpegf.colon","DAAM1"
"shared.bmpegf.colon117","shared.bmpegf.colon","DCBLD2"
"shared.bmpegf.colon118","shared.bmpegf.colon","DCP2"
"shared.bmpegf.colon119","shared.bmpegf.colon","DDX50"
"shared.bmpegf.colon120","shared.bmpegf.colon","DDX6"
"shared.bmpegf.colon121","shared.bmpegf.colon","DGKH"
"shared.bmpegf.colon122","shared.bmpegf.colon","DHRS13"
"shared.bmpegf.colon123","shared.bmpegf.colon","DHRS9"
"shared.bmpegf.colon124","shared.bmpegf.colon","DHX57"
"shared.bmpegf.colon125","shared.bmpegf.colon","DICER1"
"shared.bmpegf.colon126","shared.bmpegf.colon","DIO3OS"
"shared.bmpegf.colon127","shared.bmpegf.colon","DISC1,TSNAX,TSNAX-DISC1"
"shared.bmpegf.colon128","shared.bmpegf.colon","DNAJC3"
"shared.bmpegf.colon129","shared.bmpegf.colon","DNAL1"
"shared.bmpegf.colon130","shared.bmpegf.colon","DPY19L1"
"shared.bmpegf.colon131","shared.bmpegf.colon","DSEL"
"shared.bmpegf.colon132","shared.bmpegf.colon","DSTYK"
"shared.bmpegf.colon133","shared.bmpegf.colon","DTD2"
"shared.bmpegf.colon134","shared.bmpegf.colon","EBPL"
"shared.bmpegf.colon135","shared.bmpegf.colon","EED,MIR6755"
"shared.bmpegf.colon136","shared.bmpegf.colon","EFNA5"
"shared.bmpegf.colon137","shared.bmpegf.colon","EHF"
"shared.bmpegf.colon138","shared.bmpegf.colon","EI24"
"shared.bmpegf.colon139","shared.bmpegf.colon","EID1"
"shared.bmpegf.colon140","shared.bmpegf.colon","EIF4E"
"shared.bmpegf.colon141","shared.bmpegf.colon","EIF5B"
"shared.bmpegf.colon142","shared.bmpegf.colon","EMC1"
"shared.bmpegf.colon143","shared.bmpegf.colon","ENAH"
"shared.bmpegf.colon144","shared.bmpegf.colon","ENDOD1"
"shared.bmpegf.colon145","shared.bmpegf.colon","ENTPD1"
"shared.bmpegf.colon146","shared.bmpegf.colon","EPAS1"
"shared.bmpegf.colon147","shared.bmpegf.colon","ERCC6L2"
"shared.bmpegf.colon148","shared.bmpegf.colon","ERMP1"
"shared.bmpegf.colon149","shared.bmpegf.colon","ERN2"
"shared.bmpegf.colon150","shared.bmpegf.colon","EXOC2"
"shared.bmpegf.colon151","shared.bmpegf.colon","EXOC4"
"shared.bmpegf.colon152","shared.bmpegf.colon","EXOC5"
"shared.bmpegf.colon153","shared.bmpegf.colon","EXOC6"
"shared.bmpegf.colon154","shared.bmpegf.colon","FAM102B"
"shared.bmpegf.colon155","shared.bmpegf.colon","FAM103A1"
"shared.bmpegf.colon156","shared.bmpegf.colon","FAM105A"
"shared.bmpegf.colon157","shared.bmpegf.colon","FAM120A"
"shared.bmpegf.colon158","shared.bmpegf.colon","FAM13B"
"shared.bmpegf.colon159","shared.bmpegf.colon","FAM169A"
"shared.bmpegf.colon160","shared.bmpegf.colon","FAM178A"
"shared.bmpegf.colon161","shared.bmpegf.colon","FAM208A"
"shared.bmpegf.colon162","shared.bmpegf.colon","FAM46A"
"shared.bmpegf.colon163","shared.bmpegf.colon","FAM83H-AS1"
"shared.bmpegf.colon164","shared.bmpegf.colon","FAM8A1"
"shared.bmpegf.colon165","shared.bmpegf.colon","FAM98B"
"shared.bmpegf.colon166","shared.bmpegf.colon","FANCI"
"shared.bmpegf.colon167","shared.bmpegf.colon","FAR2P2"
"shared.bmpegf.colon168","shared.bmpegf.colon","FBXO28"
"shared.bmpegf.colon169","shared.bmpegf.colon","FBXO45"
"shared.bmpegf.colon170","shared.bmpegf.colon","FCF1"
"shared.bmpegf.colon171","shared.bmpegf.colon","FEM1B"
"shared.bmpegf.colon172","shared.bmpegf.colon","FEM1C"
"shared.bmpegf.colon173","shared.bmpegf.colon","FFAR4"
"shared.bmpegf.colon174","shared.bmpegf.colon","FKBP5,LOC285847"
"shared.bmpegf.colon175","shared.bmpegf.colon","FKTN"
"shared.bmpegf.colon176","shared.bmpegf.colon","FLOT2"
"shared.bmpegf.colon177","shared.bmpegf.colon","FNDC3B"
"shared.bmpegf.colon178","shared.bmpegf.colon","FOCAD"
"shared.bmpegf.colon179","shared.bmpegf.colon","FOXD2"
"shared.bmpegf.colon180","shared.bmpegf.colon","FOXO3"
"shared.bmpegf.colon181","shared.bmpegf.colon","FOXO3B,ZNF286B"
"shared.bmpegf.colon182","shared.bmpegf.colon","FRMPD3"
"shared.bmpegf.colon183","shared.bmpegf.colon","FRYL"
"shared.bmpegf.colon184","shared.bmpegf.colon","FSIP2"
"shared.bmpegf.colon185","shared.bmpegf.colon","FZD4"
"shared.bmpegf.colon186","shared.bmpegf.colon","G3BP1"
"shared.bmpegf.colon187","shared.bmpegf.colon","GGH"
"shared.bmpegf.colon188","shared.bmpegf.colon","GIN1"
"shared.bmpegf.colon189","shared.bmpegf.colon","GJC1"
"shared.bmpegf.colon190","shared.bmpegf.colon","GLB1L2"
"shared.bmpegf.colon191","shared.bmpegf.colon","GLG1"
"shared.bmpegf.colon192","shared.bmpegf.colon","GLIS3"
"shared.bmpegf.colon193","shared.bmpegf.colon","GLTSCR1L"
"shared.bmpegf.colon194","shared.bmpegf.colon","GLUL"
"shared.bmpegf.colon195","shared.bmpegf.colon","GMNN"
"shared.bmpegf.colon196","shared.bmpegf.colon","GNAI1"
"shared.bmpegf.colon197","shared.bmpegf.colon","GNAQ"
"shared.bmpegf.colon198","shared.bmpegf.colon","GNE"
"shared.bmpegf.colon199","shared.bmpegf.colon","GOLGA3"
"shared.bmpegf.colon200","shared.bmpegf.colon","GOPC"
"shared.bmpegf.colon201","shared.bmpegf.colon","GP9"
"shared.bmpegf.colon202","shared.bmpegf.colon","GPC6"
"shared.bmpegf.colon203","shared.bmpegf.colon","GPX8"
"shared.bmpegf.colon204","shared.bmpegf.colon","GRM7"
"shared.bmpegf.colon205","shared.bmpegf.colon","GRSF1"
"shared.bmpegf.colon206","shared.bmpegf.colon","GTF2F2"
"shared.bmpegf.colon207","shared.bmpegf.colon","GTF3C1"
"shared.bmpegf.colon208","shared.bmpegf.colon","HABP4"
"shared.bmpegf.colon209","shared.bmpegf.colon","HEATR3"
"shared.bmpegf.colon210","shared.bmpegf.colon","HIATL1"
"shared.bmpegf.colon211","shared.bmpegf.colon","HMG20A"
"shared.bmpegf.colon212","shared.bmpegf.colon","HMGA2"
"shared.bmpegf.colon213","shared.bmpegf.colon","HN1L"
"shared.bmpegf.colon214","shared.bmpegf.colon","HOXA10-AS"
"shared.bmpegf.colon215","shared.bmpegf.colon","HOXA10,HOXA10-HOXA9,HOXA9"
"shared.bmpegf.colon216","shared.bmpegf.colon","HOXB5"
"shared.bmpegf.colon217","shared.bmpegf.colon","HOXB6"
"shared.bmpegf.colon218","shared.bmpegf.colon","HOXB7"
"shared.bmpegf.colon219","shared.bmpegf.colon","HOXB8"
"shared.bmpegf.colon220","shared.bmpegf.colon","HOXB9"
"shared.bmpegf.colon221","shared.bmpegf.colon","HOXB-AS3"
"shared.bmpegf.colon222","shared.bmpegf.colon","IFFO2"
"shared.bmpegf.colon223","shared.bmpegf.colon","IFNAR1"
"shared.bmpegf.colon224","shared.bmpegf.colon","IFT74-AS1"
"shared.bmpegf.colon225","shared.bmpegf.colon","IGF1R"
"shared.bmpegf.colon226","shared.bmpegf.colon","IGIP"
"shared.bmpegf.colon227","shared.bmpegf.colon","IL17RD"
"shared.bmpegf.colon228","shared.bmpegf.colon","IL1R2"
"shared.bmpegf.colon229","shared.bmpegf.colon","IL20RB"
"shared.bmpegf.colon230","shared.bmpegf.colon","IL6ST"
"shared.bmpegf.colon231","shared.bmpegf.colon","ILDR1"
"shared.bmpegf.colon232","shared.bmpegf.colon","IMPAD1"
"shared.bmpegf.colon233","shared.bmpegf.colon","INPP5F"
"shared.bmpegf.colon234","shared.bmpegf.colon","IPO11,IPO11-LRRC70,LRRC70"
"shared.bmpegf.colon235","shared.bmpegf.colon","IPO5"
"shared.bmpegf.colon236","shared.bmpegf.colon","IPO5P1"
"shared.bmpegf.colon237","shared.bmpegf.colon","IPO7"
"shared.bmpegf.colon238","shared.bmpegf.colon","IQGAP1"
"shared.bmpegf.colon239","shared.bmpegf.colon","ITGAV"
"shared.bmpegf.colon240","shared.bmpegf.colon","ITGB1"
"shared.bmpegf.colon241","shared.bmpegf.colon","ITM2A"
"shared.bmpegf.colon242","shared.bmpegf.colon","ITPRIPL2"
"shared.bmpegf.colon243","shared.bmpegf.colon","JAG1"
"shared.bmpegf.colon244","shared.bmpegf.colon","JPH1"
"shared.bmpegf.colon245","shared.bmpegf.colon","KBTBD6"
"shared.bmpegf.colon246","shared.bmpegf.colon","KCNJ2"
"shared.bmpegf.colon247","shared.bmpegf.colon","KCNN4"
"shared.bmpegf.colon248","shared.bmpegf.colon","KCNRG,TRIM13"
"shared.bmpegf.colon249","shared.bmpegf.colon","KCTD10"
"shared.bmpegf.colon250","shared.bmpegf.colon","KCTD20"
"shared.bmpegf.colon251","shared.bmpegf.colon","KDM5B"
"shared.bmpegf.colon252","shared.bmpegf.colon","KIAA0226L"
"shared.bmpegf.colon253","shared.bmpegf.colon","KIAA0232"
"shared.bmpegf.colon254","shared.bmpegf.colon","KIAA0513"
"shared.bmpegf.colon255","shared.bmpegf.colon","KIAA1143"
"shared.bmpegf.colon256","shared.bmpegf.colon","KIAA1429"
"shared.bmpegf.colon257","shared.bmpegf.colon","KIAA1715"
"shared.bmpegf.colon258","shared.bmpegf.colon","KLHL15"
"shared.bmpegf.colon259","shared.bmpegf.colon","KLK15"
"shared.bmpegf.colon260","shared.bmpegf.colon","KPNA4"
"shared.bmpegf.colon261","shared.bmpegf.colon","KRR1"
"shared.bmpegf.colon262","shared.bmpegf.colon","LAPTM4A"
"shared.bmpegf.colon263","shared.bmpegf.colon","LARS"
"shared.bmpegf.colon264","shared.bmpegf.colon","LEFTY1"
"shared.bmpegf.colon265","shared.bmpegf.colon","LIFR"
"shared.bmpegf.colon266","shared.bmpegf.colon","LIMD1"
"shared.bmpegf.colon267","shared.bmpegf.colon","LIMK2"
"shared.bmpegf.colon268","shared.bmpegf.colon","LINC00341"
"shared.bmpegf.colon269","shared.bmpegf.colon","LINC00482"
"shared.bmpegf.colon270","shared.bmpegf.colon","LINC00515"
"shared.bmpegf.colon271","shared.bmpegf.colon","LINC00657"
"shared.bmpegf.colon272","shared.bmpegf.colon","LINC01006"
"shared.bmpegf.colon273","shared.bmpegf.colon","LMAN2L"
"shared.bmpegf.colon274","shared.bmpegf.colon","LOC100129550"
"shared.bmpegf.colon275","shared.bmpegf.colon","LOC100507351"
"shared.bmpegf.colon276","shared.bmpegf.colon","LOC101929374"
"shared.bmpegf.colon277","shared.bmpegf.colon","LOC101929524"
"shared.bmpegf.colon278","shared.bmpegf.colon","LOC105372441"
"shared.bmpegf.colon279","shared.bmpegf.colon","LOC731424"
"shared.bmpegf.colon280","shared.bmpegf.colon","LOC93622"
"shared.bmpegf.colon281","shared.bmpegf.colon","LRCH2"
"shared.bmpegf.colon282","shared.bmpegf.colon","LRRC37A4P"
"shared.bmpegf.colon283","shared.bmpegf.colon","LRRC58"
"shared.bmpegf.colon284","shared.bmpegf.colon","LUZP6"
"shared.bmpegf.colon285","shared.bmpegf.colon","LYST"
"shared.bmpegf.colon286","shared.bmpegf.colon","MAFA"
"shared.bmpegf.colon287","shared.bmpegf.colon","MAGEF1"
"shared.bmpegf.colon288","shared.bmpegf.colon","MAGT1"
"shared.bmpegf.colon289","shared.bmpegf.colon","MAL2"
"shared.bmpegf.colon290","shared.bmpegf.colon","MAP3K7"
"shared.bmpegf.colon291","shared.bmpegf.colon","MARCKS"
"shared.bmpegf.colon292","shared.bmpegf.colon","MATR3,SNHG4"
"shared.bmpegf.colon293","shared.bmpegf.colon","MBNL2"
"shared.bmpegf.colon294","shared.bmpegf.colon","MBNL3"
"shared.bmpegf.colon295","shared.bmpegf.colon","MBOAT2"
"shared.bmpegf.colon296","shared.bmpegf.colon","MBTPS2"
"shared.bmpegf.colon297","shared.bmpegf.colon","MDN1"
"shared.bmpegf.colon298","shared.bmpegf.colon","MECOM"
"shared.bmpegf.colon299","shared.bmpegf.colon","METTL8"
"shared.bmpegf.colon300","shared.bmpegf.colon","MFAP3L"
"shared.bmpegf.colon301","shared.bmpegf.colon","MFSD4"
"shared.bmpegf.colon302","shared.bmpegf.colon","MFSD6L"
"shared.bmpegf.colon303","shared.bmpegf.colon","MIB1"
"shared.bmpegf.colon304","shared.bmpegf.colon","MIER1"
"shared.bmpegf.colon305","shared.bmpegf.colon","MIOS"
"shared.bmpegf.colon306","shared.bmpegf.colon","MIR1244-4,PTMA"
"shared.bmpegf.colon307","shared.bmpegf.colon","MIR4680,PDCD4"
"shared.bmpegf.colon308","shared.bmpegf.colon","MIR6824,SLC26A6"
"shared.bmpegf.colon309","shared.bmpegf.colon","MLF1"
"shared.bmpegf.colon310","shared.bmpegf.colon","MLLT3"
"shared.bmpegf.colon311","shared.bmpegf.colon","MLXIP"
"shared.bmpegf.colon312","shared.bmpegf.colon","MMGT1"
"shared.bmpegf.colon313","shared.bmpegf.colon","MOB1B"
"shared.bmpegf.colon314","shared.bmpegf.colon","MON2"
"shared.bmpegf.colon315","shared.bmpegf.colon","MORF4L1"
"shared.bmpegf.colon316","shared.bmpegf.colon","MPZL1"
"shared.bmpegf.colon317","shared.bmpegf.colon","MREG"
"shared.bmpegf.colon318","shared.bmpegf.colon","MRPL1"
"shared.bmpegf.colon319","shared.bmpegf.colon","MRPS6,SLC5A3"
"shared.bmpegf.colon320","shared.bmpegf.colon","MTHFD2"
"shared.bmpegf.colon321","shared.bmpegf.colon","MTMR6"
"shared.bmpegf.colon322","shared.bmpegf.colon","MTSS1"
"shared.bmpegf.colon323","shared.bmpegf.colon","MTURN"
"shared.bmpegf.colon324","shared.bmpegf.colon","MUC1"
"shared.bmpegf.colon325","shared.bmpegf.colon","MUC12"
"shared.bmpegf.colon326","shared.bmpegf.colon","MYO3A"
"shared.bmpegf.colon327","shared.bmpegf.colon","MYO5C"
"shared.bmpegf.colon328","shared.bmpegf.colon","NAA15"
"shared.bmpegf.colon329","shared.bmpegf.colon","NAA50"
"shared.bmpegf.colon330","shared.bmpegf.colon","NAP1L1"
"shared.bmpegf.colon331","shared.bmpegf.colon","NBPF10,NBPF12,NBPF20,NBPF25P,NBPF8,NBPF9"
"shared.bmpegf.colon332","shared.bmpegf.colon","NCBP1"
"shared.bmpegf.colon333","shared.bmpegf.colon","NCOA3"
"shared.bmpegf.colon334","shared.bmpegf.colon","NDC1"
"shared.bmpegf.colon335","shared.bmpegf.colon","NEK1"
"shared.bmpegf.colon336","shared.bmpegf.colon","NEURL1B"
"shared.bmpegf.colon337","shared.bmpegf.colon","NFIA"
"shared.bmpegf.colon338","shared.bmpegf.colon","NFYB"
"shared.bmpegf.colon339","shared.bmpegf.colon","NIFK-AS1"
"shared.bmpegf.colon340","shared.bmpegf.colon","NKIRAS1"
"shared.bmpegf.colon341","shared.bmpegf.colon","NOL11"
"shared.bmpegf.colon342","shared.bmpegf.colon","NOL9"
"shared.bmpegf.colon343","shared.bmpegf.colon","NOTCH1"
"shared.bmpegf.colon344","shared.bmpegf.colon","NPAS1"
"shared.bmpegf.colon345","shared.bmpegf.colon","NRXN1"
"shared.bmpegf.colon346","shared.bmpegf.colon","NSF,NSFP1"
"shared.bmpegf.colon347","shared.bmpegf.colon","NT5C2"
"shared.bmpegf.colon348","shared.bmpegf.colon","NT5DC3"
"shared.bmpegf.colon349","shared.bmpegf.colon","NUBPL"
"shared.bmpegf.colon350","shared.bmpegf.colon","NUCKS1"
"shared.bmpegf.colon351","shared.bmpegf.colon","NUDT4"
"shared.bmpegf.colon352","shared.bmpegf.colon","NUP133"
"shared.bmpegf.colon353","shared.bmpegf.colon","NUP205"
"shared.bmpegf.colon354","shared.bmpegf.colon","NUS1"
"shared.bmpegf.colon355","shared.bmpegf.colon","NXPE1"
"shared.bmpegf.colon356","shared.bmpegf.colon","NXPE4"
"shared.bmpegf.colon357","shared.bmpegf.colon","OPHN1"
"shared.bmpegf.colon358","shared.bmpegf.colon","ORC5"
"shared.bmpegf.colon359","shared.bmpegf.colon","PARM1"
"shared.bmpegf.colon360","shared.bmpegf.colon","PBRM1"
"shared.bmpegf.colon361","shared.bmpegf.colon","PCM1"
"shared.bmpegf.colon362","shared.bmpegf.colon","PDE3B"
"shared.bmpegf.colon363","shared.bmpegf.colon","PDE4D"
"shared.bmpegf.colon364","shared.bmpegf.colon","PDS5A"
"shared.bmpegf.colon365","shared.bmpegf.colon","PDS5B"
"shared.bmpegf.colon366","shared.bmpegf.colon","PEAK1"
"shared.bmpegf.colon367","shared.bmpegf.colon","PGBD5"
"shared.bmpegf.colon368","shared.bmpegf.colon","PGGT1B"
"shared.bmpegf.colon369","shared.bmpegf.colon","PGM2L1"
"shared.bmpegf.colon370","shared.bmpegf.colon","PHC3"
"shared.bmpegf.colon371","shared.bmpegf.colon","PHF14"
"shared.bmpegf.colon372","shared.bmpegf.colon","PHF20"
"shared.bmpegf.colon373","shared.bmpegf.colon","PHF6"
"shared.bmpegf.colon374","shared.bmpegf.colon","PHIP"
"shared.bmpegf.colon375","shared.bmpegf.colon","PHTF2"
"shared.bmpegf.colon376","shared.bmpegf.colon","PIAS2"
"shared.bmpegf.colon377","shared.bmpegf.colon","PIBF1"
"shared.bmpegf.colon378","shared.bmpegf.colon","PIGN"
"shared.bmpegf.colon379","shared.bmpegf.colon","PIGX"
"shared.bmpegf.colon380","shared.bmpegf.colon","PIK3R3"
"shared.bmpegf.colon381","shared.bmpegf.colon","PIKFYVE"
"shared.bmpegf.colon382","shared.bmpegf.colon","PITHD1"
"shared.bmpegf.colon383","shared.bmpegf.colon","PJA2"
"shared.bmpegf.colon384","shared.bmpegf.colon","PKI55"
"shared.bmpegf.colon385","shared.bmpegf.colon","PKIB"
"shared.bmpegf.colon386","shared.bmpegf.colon","PKNOX1"
"shared.bmpegf.colon387","shared.bmpegf.colon","PLEKHF2"
"shared.bmpegf.colon388","shared.bmpegf.colon","PLXNA2"
"shared.bmpegf.colon389","shared.bmpegf.colon","POF1B"
"shared.bmpegf.colon390","shared.bmpegf.colon","POLR1E"
"shared.bmpegf.colon391","shared.bmpegf.colon","POT1"
"shared.bmpegf.colon392","shared.bmpegf.colon","POU2F1"
"shared.bmpegf.colon393","shared.bmpegf.colon","PP14571"
"shared.bmpegf.colon394","shared.bmpegf.colon","PPIC"
"shared.bmpegf.colon395","shared.bmpegf.colon","PPIP5K2"
"shared.bmpegf.colon396","shared.bmpegf.colon","PPM1B"
"shared.bmpegf.colon397","shared.bmpegf.colon","PPM1K"
"shared.bmpegf.colon398","shared.bmpegf.colon","PPP1R3B"
"shared.bmpegf.colon399","shared.bmpegf.colon","PPP2R5C"
"shared.bmpegf.colon400","shared.bmpegf.colon","PPP3CA"
"shared.bmpegf.colon401","shared.bmpegf.colon","PRKACB"
"shared.bmpegf.colon402","shared.bmpegf.colon","PRKDC"
"shared.bmpegf.colon403","shared.bmpegf.colon","PRKG1"
"shared.bmpegf.colon404","shared.bmpegf.colon","PRKRIR"
"shared.bmpegf.colon405","shared.bmpegf.colon","PRPS2"
"shared.bmpegf.colon406","shared.bmpegf.colon","PRRT3-AS1"
"shared.bmpegf.colon407","shared.bmpegf.colon","PSME4"
"shared.bmpegf.colon408","shared.bmpegf.colon","PTAR1"
"shared.bmpegf.colon409","shared.bmpegf.colon","PTEN"
"shared.bmpegf.colon410","shared.bmpegf.colon","PTGDR"
"shared.bmpegf.colon411","shared.bmpegf.colon","PTPN14"
"shared.bmpegf.colon412","shared.bmpegf.colon","PUM1"
"shared.bmpegf.colon413","shared.bmpegf.colon","PURB"
"shared.bmpegf.colon414","shared.bmpegf.colon","PWWP2A"
"shared.bmpegf.colon415","shared.bmpegf.colon","PYGB"
"shared.bmpegf.colon416","shared.bmpegf.colon","PYGO1"
"shared.bmpegf.colon417","shared.bmpegf.colon","PYURF"
"shared.bmpegf.colon418","shared.bmpegf.colon","QPCT"
"shared.bmpegf.colon419","shared.bmpegf.colon","RAB11FIP2"
"shared.bmpegf.colon420","shared.bmpegf.colon","RAB3B"
"shared.bmpegf.colon421","shared.bmpegf.colon","RAB40B"
"shared.bmpegf.colon422","shared.bmpegf.colon","RABEP1"
"shared.bmpegf.colon423","shared.bmpegf.colon","RABGAP1"
"shared.bmpegf.colon424","shared.bmpegf.colon","RALGAPA1,RALGAPA1P"
"shared.bmpegf.colon425","shared.bmpegf.colon","RANBP2"
"shared.bmpegf.colon426","shared.bmpegf.colon","RAP1GDS1"
"shared.bmpegf.colon427","shared.bmpegf.colon","RAP2A"
"shared.bmpegf.colon428","shared.bmpegf.colon","RAP2B"
"shared.bmpegf.colon429","shared.bmpegf.colon","RAPGEF6"
"shared.bmpegf.colon430","shared.bmpegf.colon","RASA2"
"shared.bmpegf.colon431","shared.bmpegf.colon","RASEF"
"shared.bmpegf.colon432","shared.bmpegf.colon","RBFOX2"
"shared.bmpegf.colon433","shared.bmpegf.colon","RBM7"
"shared.bmpegf.colon434","shared.bmpegf.colon","RBMS3"
"shared.bmpegf.colon435","shared.bmpegf.colon","RBPJ"
"shared.bmpegf.colon436","shared.bmpegf.colon","RBPMS-AS1"
"shared.bmpegf.colon437","shared.bmpegf.colon","RBSN"
"shared.bmpegf.colon438","shared.bmpegf.colon","RBX1"
"shared.bmpegf.colon439","shared.bmpegf.colon","RCC2"
"shared.bmpegf.colon440","shared.bmpegf.colon","RDX"
"shared.bmpegf.colon441","shared.bmpegf.colon","REXO2"
"shared.bmpegf.colon442","shared.bmpegf.colon","RGL3"
"shared.bmpegf.colon443","shared.bmpegf.colon","RIF1"
"shared.bmpegf.colon444","shared.bmpegf.colon","RIMKLA"
"shared.bmpegf.colon445","shared.bmpegf.colon","RLIM"
"shared.bmpegf.colon446","shared.bmpegf.colon","RND3"
"shared.bmpegf.colon447","shared.bmpegf.colon","RNF139"
"shared.bmpegf.colon448","shared.bmpegf.colon","RNF144A"
"shared.bmpegf.colon449","shared.bmpegf.colon","RNF145"
"shared.bmpegf.colon450","shared.bmpegf.colon","RNF223"
"shared.bmpegf.colon451","shared.bmpegf.colon","RNMT"
"shared.bmpegf.colon452","shared.bmpegf.colon","RSL24D1"
"shared.bmpegf.colon453","shared.bmpegf.colon","RXFP4"
"shared.bmpegf.colon454","shared.bmpegf.colon","SAMD13"
"shared.bmpegf.colon455","shared.bmpegf.colon","SAR1A"
"shared.bmpegf.colon456","shared.bmpegf.colon","SARAF"
"shared.bmpegf.colon457","shared.bmpegf.colon","SATB2"
"shared.bmpegf.colon458","shared.bmpegf.colon","SATB2-AS1"
"shared.bmpegf.colon459","shared.bmpegf.colon","SBNO1"
"shared.bmpegf.colon460","shared.bmpegf.colon","SCAI"
"shared.bmpegf.colon461","shared.bmpegf.colon","SCFD1"
"shared.bmpegf.colon462","shared.bmpegf.colon","SDC4"
"shared.bmpegf.colon463","shared.bmpegf.colon","SEC22A"
"shared.bmpegf.colon464","shared.bmpegf.colon","SEC23IP"
"shared.bmpegf.colon465","shared.bmpegf.colon","SEC62"
"shared.bmpegf.colon466","shared.bmpegf.colon","SECISBP2L"
"shared.bmpegf.colon467","shared.bmpegf.colon","SEL1L"
"shared.bmpegf.colon468","shared.bmpegf.colon","SEMA3C"
"shared.bmpegf.colon469","shared.bmpegf.colon","SEMA3D"
"shared.bmpegf.colon470","shared.bmpegf.colon","SEMA5A"
"shared.bmpegf.colon471","shared.bmpegf.colon","SEPT11"
"shared.bmpegf.colon472","shared.bmpegf.colon","SEPT7"
"shared.bmpegf.colon473","shared.bmpegf.colon","SERBP1"
"shared.bmpegf.colon474","shared.bmpegf.colon","SERINC5"
"shared.bmpegf.colon475","shared.bmpegf.colon","SERTAD2"
"shared.bmpegf.colon476","shared.bmpegf.colon","SESN1"
"shared.bmpegf.colon477","shared.bmpegf.colon","SESN3"
"shared.bmpegf.colon478","shared.bmpegf.colon","SETX"
"shared.bmpegf.colon479","shared.bmpegf.colon","SH3PXD2A-AS1"
"shared.bmpegf.colon480","shared.bmpegf.colon","SHOC2"
"shared.bmpegf.colon481","shared.bmpegf.colon","SHROOM4"
"shared.bmpegf.colon482","shared.bmpegf.colon","SIPA1L2"
"shared.bmpegf.colon483","shared.bmpegf.colon","SLC10A7"
"shared.bmpegf.colon484","shared.bmpegf.colon","SLC15A2"
"shared.bmpegf.colon485","shared.bmpegf.colon","SLC16A9"
"shared.bmpegf.colon486","shared.bmpegf.colon","SLC19A2"
"shared.bmpegf.colon487","shared.bmpegf.colon","SLC1A3"
"shared.bmpegf.colon488","shared.bmpegf.colon","SLC22A15"
"shared.bmpegf.colon489","shared.bmpegf.colon","SLC25A12"
"shared.bmpegf.colon490","shared.bmpegf.colon","SLC25A30"
"shared.bmpegf.colon491","shared.bmpegf.colon","SLC2A10"
"shared.bmpegf.colon492","shared.bmpegf.colon","SLC30A6"
"shared.bmpegf.colon493","shared.bmpegf.colon","SLC35A1"
"shared.bmpegf.colon494","shared.bmpegf.colon","SLC37A3"
"shared.bmpegf.colon495","shared.bmpegf.colon","SLC38A2"
"shared.bmpegf.colon496","shared.bmpegf.colon","SLC38A6"
"shared.bmpegf.colon497","shared.bmpegf.colon","SLC39A8"
"shared.bmpegf.colon498","shared.bmpegf.colon","SLC44A1"
"shared.bmpegf.colon499","shared.bmpegf.colon","SLC7A2"
"shared.bmpegf.colon500","shared.bmpegf.colon","SLC9A2"
"shared.bmpegf.colon501","shared.bmpegf.colon","SMAD5"
"shared.bmpegf.colon502","shared.bmpegf.colon","SMARCA5"
"shared.bmpegf.colon503","shared.bmpegf.colon","SMC6"
"shared.bmpegf.colon504","shared.bmpegf.colon","SMG1"
"shared.bmpegf.colon505","shared.bmpegf.colon","SMIM14"
"shared.bmpegf.colon506","shared.bmpegf.colon","SNRPE"
"shared.bmpegf.colon507","shared.bmpegf.colon","SNX13"
"shared.bmpegf.colon508","shared.bmpegf.colon","SOCS5"
"shared.bmpegf.colon509","shared.bmpegf.colon","SORBS2"
"shared.bmpegf.colon510","shared.bmpegf.colon","SPAG1"
"shared.bmpegf.colon511","shared.bmpegf.colon","SPIN2B"
"shared.bmpegf.colon512","shared.bmpegf.colon","SPIRE1"
"shared.bmpegf.colon513","shared.bmpegf.colon","SPTAN1"
"shared.bmpegf.colon514","shared.bmpegf.colon","SPTSSA"
"shared.bmpegf.colon515","shared.bmpegf.colon","SRSF12"
"shared.bmpegf.colon516","shared.bmpegf.colon","SSB"
"shared.bmpegf.colon517","shared.bmpegf.colon","SSR1"
"shared.bmpegf.colon518","shared.bmpegf.colon","SSR3"
"shared.bmpegf.colon519","shared.bmpegf.colon","ST6GAL2"
"shared.bmpegf.colon520","shared.bmpegf.colon","ST7L"
"shared.bmpegf.colon521","shared.bmpegf.colon","STAB2"
"shared.bmpegf.colon522","shared.bmpegf.colon","STAG1"
"shared.bmpegf.colon523","shared.bmpegf.colon","STMND1"
"shared.bmpegf.colon524","shared.bmpegf.colon","STRN3"
"shared.bmpegf.colon525","shared.bmpegf.colon","STS"
"shared.bmpegf.colon526","shared.bmpegf.colon","STX19"
"shared.bmpegf.colon527","shared.bmpegf.colon","STX6"
"shared.bmpegf.colon528","shared.bmpegf.colon","SUMF1"
"shared.bmpegf.colon529","shared.bmpegf.colon","SUPT16H"
"shared.bmpegf.colon530","shared.bmpegf.colon","SUV39H2"
"shared.bmpegf.colon531","shared.bmpegf.colon","SYT7"
"shared.bmpegf.colon532","shared.bmpegf.colon","SYTL2"
"shared.bmpegf.colon533","shared.bmpegf.colon","SYTL4"
"shared.bmpegf.colon534","shared.bmpegf.colon","TACC1"
"shared.bmpegf.colon535","shared.bmpegf.colon","TAF9B"
"shared.bmpegf.colon536","shared.bmpegf.colon","TAOK1"
"shared.bmpegf.colon537","shared.bmpegf.colon","TBL1X"
"shared.bmpegf.colon538","shared.bmpegf.colon","TCAM1P"
"shared.bmpegf.colon539","shared.bmpegf.colon","TDGF1"
"shared.bmpegf.colon540","shared.bmpegf.colon","TEAD1"
"shared.bmpegf.colon541","shared.bmpegf.colon","TFCP2L1"
"shared.bmpegf.colon542","shared.bmpegf.colon","TFRC"
"shared.bmpegf.colon543","shared.bmpegf.colon","TGFBR1"
"shared.bmpegf.colon544","shared.bmpegf.colon","THADA"
"shared.bmpegf.colon545","shared.bmpegf.colon","TICAM2,TMED7,TMED7-TICAM2"
"shared.bmpegf.colon546","shared.bmpegf.colon","TINCR"
"shared.bmpegf.colon547","shared.bmpegf.colon","TLK1"
"shared.bmpegf.colon548","shared.bmpegf.colon","TLN2"
"shared.bmpegf.colon549","shared.bmpegf.colon","TMCC1-AS1"
"shared.bmpegf.colon550","shared.bmpegf.colon","TMED10"
"shared.bmpegf.colon551","shared.bmpegf.colon","TMED9"
"shared.bmpegf.colon552","shared.bmpegf.colon","TMEM106B"
"shared.bmpegf.colon553","shared.bmpegf.colon","TMEM123"
"shared.bmpegf.colon554","shared.bmpegf.colon","TMEM159"
"shared.bmpegf.colon555","shared.bmpegf.colon","TMEM194A"
"shared.bmpegf.colon556","shared.bmpegf.colon","TMEM194B"
"shared.bmpegf.colon557","shared.bmpegf.colon","TMEM2"
"shared.bmpegf.colon558","shared.bmpegf.colon","TMEM44"
"shared.bmpegf.colon559","shared.bmpegf.colon","TMEM45A"
"shared.bmpegf.colon560","shared.bmpegf.colon","TMEM87A"
"shared.bmpegf.colon561","shared.bmpegf.colon","TMX1"
"shared.bmpegf.colon562","shared.bmpegf.colon","TNFRSF10D"
"shared.bmpegf.colon563","shared.bmpegf.colon","TNKS"
"shared.bmpegf.colon564","shared.bmpegf.colon","TNRC6C"
"shared.bmpegf.colon565","shared.bmpegf.colon","TOP2B"
"shared.bmpegf.colon566","shared.bmpegf.colon","TP53BP1"
"shared.bmpegf.colon567","shared.bmpegf.colon","TP53INP1"
"shared.bmpegf.colon568","shared.bmpegf.colon","TRABD2A"
"shared.bmpegf.colon569","shared.bmpegf.colon","TRIM23"
"shared.bmpegf.colon570","shared.bmpegf.colon","TRIM37"
"shared.bmpegf.colon571","shared.bmpegf.colon","TRIP12"
"shared.bmpegf.colon572","shared.bmpegf.colon","TRMT5"
"shared.bmpegf.colon573","shared.bmpegf.colon","TROVE2"
"shared.bmpegf.colon574","shared.bmpegf.colon","TSN"
"shared.bmpegf.colon575","shared.bmpegf.colon","TSPAN5"
"shared.bmpegf.colon576","shared.bmpegf.colon","TSPAN6"
"shared.bmpegf.colon577","shared.bmpegf.colon","TSPYL4"
"shared.bmpegf.colon578","shared.bmpegf.colon","TTC28"
"shared.bmpegf.colon579","shared.bmpegf.colon","TTC3"
"shared.bmpegf.colon580","shared.bmpegf.colon","TTL"
"shared.bmpegf.colon581","shared.bmpegf.colon","TTPA"
"shared.bmpegf.colon582","shared.bmpegf.colon","TTPAL"
"shared.bmpegf.colon583","shared.bmpegf.colon","TWISTNB"
"shared.bmpegf.colon584","shared.bmpegf.colon","TWSG1"
"shared.bmpegf.colon585","shared.bmpegf.colon","TXNDC15"
"shared.bmpegf.colon586","shared.bmpegf.colon","UBE2D1"
"shared.bmpegf.colon587","shared.bmpegf.colon","UBE2Q2"
"shared.bmpegf.colon588","shared.bmpegf.colon","UBR5"
"shared.bmpegf.colon589","shared.bmpegf.colon","UGGT1"
"shared.bmpegf.colon590","shared.bmpegf.colon","UGGT2"
"shared.bmpegf.colon591","shared.bmpegf.colon","UNC5C"
"shared.bmpegf.colon592","shared.bmpegf.colon","USP13"
"shared.bmpegf.colon593","shared.bmpegf.colon","USP24"
"shared.bmpegf.colon594","shared.bmpegf.colon","USP34"
"shared.bmpegf.colon595","shared.bmpegf.colon","USP47"
"shared.bmpegf.colon596","shared.bmpegf.colon","USP53"
"shared.bmpegf.colon597","shared.bmpegf.colon","UXS1"
"shared.bmpegf.colon598","shared.bmpegf.colon","VANGL1"
"shared.bmpegf.colon599","shared.bmpegf.colon","VKORC1L1"
"shared.bmpegf.colon600","shared.bmpegf.colon","VOPP1"
"shared.bmpegf.colon601","shared.bmpegf.colon","VPS13B"
"shared.bmpegf.colon602","shared.bmpegf.colon","VPS13C"
"shared.bmpegf.colon603","shared.bmpegf.colon","WAC-AS1"
"shared.bmpegf.colon604","shared.bmpegf.colon","WBP5"
"shared.bmpegf.colon605","shared.bmpegf.colon","WDFY1"
"shared.bmpegf.colon606","shared.bmpegf.colon","WDHD1"
"shared.bmpegf.colon607","shared.bmpegf.colon","WDR36"
"shared.bmpegf.colon608","shared.bmpegf.colon","WDR7"
"shared.bmpegf.colon609","shared.bmpegf.colon","WDR78"
"shared.bmpegf.colon610","shared.bmpegf.colon","WDR89"
"shared.bmpegf.colon611","shared.bmpegf.colon","WNK4"
"shared.bmpegf.colon612","shared.bmpegf.colon","XIAP"
"shared.bmpegf.colon613","shared.bmpegf.colon","XPNPEP3"
"shared.bmpegf.colon614","shared.bmpegf.colon","XPO4"
"shared.bmpegf.colon615","shared.bmpegf.colon","YTHDF3"
"shared.bmpegf.colon616","shared.bmpegf.colon","ZBTB10"
"shared.bmpegf.colon617","shared.bmpegf.colon","ZBTB7C"
"shared.bmpegf.colon618","shared.bmpegf.colon","ZDHHC7"
"shared.bmpegf.colon619","shared.bmpegf.colon","ZFHX3"
"shared.bmpegf.colon620","shared.bmpegf.colon","ZFP90"
"shared.bmpegf.colon621","shared.bmpegf.colon","ZFX"
"shared.bmpegf.colon622","shared.bmpegf.colon","ZMAT2"
"shared.bmpegf.colon623","shared.bmpegf.colon","ZMPSTE24"
"shared.bmpegf.colon624","shared.bmpegf.colon","ZMYM4"
"shared.bmpegf.colon625","shared.bmpegf.colon","ZNF148"
"shared.bmpegf.colon626","shared.bmpegf.colon","ZNF260"
"shared.bmpegf.colon627","shared.bmpegf.colon","ZNF264"
"shared.bmpegf.colon628","shared.bmpegf.colon","ZNF320"
"shared.bmpegf.colon629","shared.bmpegf.colon","ZNF555"
"shared.bmpegf.colon630","shared.bmpegf.colon","ZNF644"
"shared.bmpegf.colon631","shared.bmpegf.colon","ZNF652"
"shared.bmpegf.colon632","shared.bmpegf.colon","ZNF678"
"shared.bmpegf.colon633","shared.bmpegf.colon","ZNF69"
"shared.bmpegf.colon634","shared.bmpegf.colon","ZNF704"
"shared.bmpegf.colon635","shared.bmpegf.colon","ZNF709"
"shared.bmpegf.colon636","shared.bmpegf.colon","ZNF766"
"shared.bmpegf.colon637","shared.bmpegf.colon","ZNF780B"
"shared.bmpegf.colon638","shared.bmpegf.colon","ZNF81"
"shared.bmpegf.colon639","shared.bmpegf.colon","ZYG11B"
